-- phpMyAdmin SQL Dump
-- version 4.5.2
-- http://www.phpmyadmin.net
--
-- Host: localhost
-- Generation Time: Jul 20, 2016 at 08:15 PM
-- Server version: 10.1.9-MariaDB
-- PHP Version: 5.6.15

SET SQL_MODE = "NO_AUTO_VALUE_ON_ZERO";
SET time_zone = "+00:00";


/*!40101 SET @OLD_CHARACTER_SET_CLIENT=@@CHARACTER_SET_CLIENT */;
/*!40101 SET @OLD_CHARACTER_SET_RESULTS=@@CHARACTER_SET_RESULTS */;
/*!40101 SET @OLD_COLLATION_CONNECTION=@@COLLATION_CONNECTION */;
/*!40101 SET NAMES utf8mb4 */;

--
-- Database: `dbBioskop`
--
CREATE DATABASE IF NOT EXISTS `dbBioskop` DEFAULT CHARACTER SET latin1 COLLATE latin1_swedish_ci;
USE `dbBioskop`;

-- --------------------------------------------------------

--
-- Table structure for table `tblAdmin`
--

CREATE TABLE `tblAdmin` (
  `kode_admin` int(11) NOT NULL,
  `nama_admin` varchar(255) DEFAULT NULL,
  `nohp_admin` varchar(15) DEFAULT NULL,
  `email_admin` varchar(255) DEFAULT NULL,
  `username_admin` varchar(100) DEFAULT NULL,
  `password_admin` varchar(100) DEFAULT NULL
) ENGINE=InnoDB DEFAULT CHARSET=latin1;

--
-- Dumping data for table `tblAdmin`
--

INSERT INTO `tblAdmin` (`kode_admin`, `nama_admin`, `nohp_admin`, `email_admin`, `username_admin`, `password_admin`) VALUES
(1, 'Fransiskus Peter Livianto', '081111111111', 'test+1@gmail.com', 'peter', 'peter'),
(2, 'Lisa Oktavianti Gumulyo', '082222222222', 'test+2@gmail.com', 'lisa', 'lisa'),
(3, 'Elke Yuniana', '083333333333', 'test+3@gmail.com', 'yuni', 'yuni'),
(4, 'Adeline Sugiharto', '084444444444', 'test+4@gmail.com', 'adel', 'adel'),
(5, 'Teresa Ivani Dina', '085555555555', 'test+5@gmail.com', 'dina', 'dina'),
(6, 'Pak Erdhi', '086666666666', 'test+6@gmail.com', 'pakerdhi', 'pbdpastia');

-- --------------------------------------------------------

--
-- Table structure for table `tblGenre`
--

CREATE TABLE `tblGenre` (
  `id_genre` int(11) NOT NULL,
  `nama_genre` varchar(20) DEFAULT NULL
) ENGINE=InnoDB DEFAULT CHARSET=latin1;

--
-- Dumping data for table `tblGenre`
--

INSERT INTO `tblGenre` (`id_genre`, `nama_genre`) VALUES
(1, 'Action'),
(2, 'Drama'),
(3, 'Romance'),
(4, 'Thriller'),
(5, 'Horror'),
(6, 'Comedy'),
(7, 'Sci-Fi'),
(8, 'Adventure'),
(9, 'Animation'),
(10, 'Biography'),
(11, 'Family'),
(12, 'Crime'),
(13, 'Documentary'),
(14, 'Mystery'),
(15, 'War'),
(16, 'Musical'),
(17, 'Fantasy');

-- --------------------------------------------------------

--
-- Table structure for table `tblKategori`
--

CREATE TABLE `tblKategori` (
  `id_kategori` int(11) NOT NULL,
  `nama_kategori` varchar(20) DEFAULT NULL
) ENGINE=InnoDB DEFAULT CHARSET=latin1;

--
-- Dumping data for table `tblKategori`
--

INSERT INTO `tblKategori` (`id_kategori`, `nama_kategori`) VALUES
(1, 'Kid'),
(2, 'Teen 13+'),
(3, 'Teen 18+'),
(4, 'Adult');

-- --------------------------------------------------------

--
-- Table structure for table `tblMasterFilm`
--

CREATE TABLE `tblMasterFilm` (
  `kode_film` int(11) NOT NULL,
  `id_genre` int(11) DEFAULT NULL,
  `id_kategori` int(11) DEFAULT NULL,
  `judul_film` varchar(255) DEFAULT NULL,
  `production_film` varchar(255) DEFAULT NULL,
  `rating_film` double DEFAULT NULL,
  `cover_film` varchar(255) NOT NULL
) ENGINE=InnoDB DEFAULT CHARSET=latin1;

--
-- Dumping data for table `tblMasterFilm`
--

INSERT INTO `tblMasterFilm` (`kode_film`, `id_genre`, `id_kategori`, `judul_film`, `production_film`, `rating_film`, `cover_film`) VALUES
(1, 6, 2, 'Kung Fu Panda 3', 'DreamWorks', 7.3, 'kung-fu-panda-3.jpg'),
(2, 11, 3, 'Now You See Me 2', 'Lionsgate', 7.3, 'now-you-see-me-2.jpg'),
(3, 5, 3, 'The Conjuring 2', 'New Line Cinema', 7.9, 'the-conjuring-2.jpg'),
(4, 9, 1, 'Finding Dory', 'Pixar Animation Studios', 8, 'finding-dory.jpg'),
(6, 1, 3, 'Captain America 3', 'Marvel Studios', 8.2, 'captain-america-3.jpg'),
(7, 2, 2, 'Koala Kumal', 'StarVision', 7.8, 'koala-kumal.jpg');

-- --------------------------------------------------------

--
-- Table structure for table `tblPelanggan`
--

CREATE TABLE `tblPelanggan` (
  `kode_pelanggan` int(11) NOT NULL,
  `nama_pelanggan` varchar(255) DEFAULT NULL,
  `nohp_pelanggan` varchar(15) DEFAULT NULL,
  `email_pelanggan` varchar(255) DEFAULT NULL,
  `username_pelanggan` varchar(100) DEFAULT NULL,
  `password_pelanggan` varchar(100) DEFAULT NULL
) ENGINE=InnoDB DEFAULT CHARSET=latin1;

--
-- Dumping data for table `tblPelanggan`
--

INSERT INTO `tblPelanggan` (`kode_pelanggan`, `nama_pelanggan`, `nohp_pelanggan`, `email_pelanggan`, `username_pelanggan`, `password_pelanggan`) VALUES
(1, 'Abet Bento', '08123456789', 'albert.martino18@yahoo.com', 'abet', 'abet'),
(3, 'Michelle Fernanda', '08712345678', 'michelle@unika.ac.id', 'michelle', 'michelle'),
(5, 'Wawan', '08516271293', 'wawan@unika.ac.id', 'wawan', 'wawan'),
(6, 'Claudia Phebe', '08567281274', 'phebe@unika.ac.id', 'phebe', 'phebe'),
(7, 'Cecilia Visakha', '08562719293', 'cecilia@unika.ac.id', 'cecilia', 'cecilia'),
(8, 'Rena Amelia', '08127392948', 'rena@unika.ac.id', 'rena', 'rena'),
(9, 'Rika Wibisono', '08212839128', 'rika@unika.ac.id', 'rika', 'rika');

-- --------------------------------------------------------

--
-- Table structure for table `tblPemesanan`
--

CREATE TABLE `tblPemesanan` (
  `kode_pemesanan` int(11) NOT NULL,
  `kode_pelanggan` int(11) DEFAULT NULL,
  `kode_tayangan` int(11) DEFAULT NULL,
  `seat` int(11) DEFAULT NULL,
  `pembayaran` varchar(20) DEFAULT NULL
) ENGINE=InnoDB DEFAULT CHARSET=latin1;

--
-- Dumping data for table `tblPemesanan`
--

INSERT INTO `tblPemesanan` (`kode_pemesanan`, `kode_pelanggan`, `kode_tayangan`, `seat`, `pembayaran`) VALUES
(1, 8, 21, 1, 'Cash'),
(2, 8, 21, 2, 'Cash'),
(3, 8, 21, 3, 'Cash'),
(7, 1, 27, 1, 'Credit'),
(8, 1, 27, 2, 'Credit'),
(9, 1, 27, 3, 'Credit'),
(10, 9, 4, 10, 'Cash'),
(11, 1, 7, 18, 'Cash'),
(12, 1, 8, 17, 'Cash'),
(13, 1, 8, 18, 'Cash'),
(14, 1, 8, 19, 'Cash'),
(15, 9, 4, 11, 'Cash'),
(16, 1, 8, 16, 'Cash'),
(17, 6, 6, 12, 'Cash'),
(18, 1, 8, 20, 'Cash'),
(19, 9, 4, 12, 'Cash'),
(20, 1, 8, 21, 'Cash'),
(21, 9, 4, 13, 'Cash'),
(22, 1, 8, 22, 'Cash'),
(23, 6, 6, 13, 'Credit'),
(24, 9, 4, 14, 'Cash'),
(25, 1, 8, 24, 'Cash'),
(26, 9, 4, 15, 'Cash'),
(27, 5, 8, 1, 'Cash'),
(28, 9, 4, 16, 'Cash'),
(30, 5, 8, 2, 'Cash'),
(31, 9, 4, 17, 'Cash'),
(32, 5, 8, 3, 'Cash'),
(33, 5, 8, 4, 'Cash'),
(34, 9, 4, 18, 'Cash'),
(35, 9, 4, 19, 'Cash'),
(36, 9, 4, 20, 'Cash'),
(37, 3, 6, 1, 'Cash'),
(38, 3, 6, 3, 'Cash'),
(39, 3, 6, 2, 'Cash'),
(40, 5, 8, 5, 'Cash'),
(41, 6, 7, 19, 'Cash'),
(42, 6, 7, 16, 'Cash'),
(44, 1, 4, 26, 'Cash'),
(45, 5, 8, 6, 'Cash'),
(46, 6, 7, 20, 'Cash'),
(47, 1, 9, 14, 'Cash'),
(48, 5, 8, 7, 'Cash'),
(49, 5, 8, 8, 'Cash'),
(50, 5, 8, 9, 'Cash'),
(51, 5, 8, 10, 'Cash'),
(52, 6, 7, 12, 'Credit'),
(53, 1, 4, 27, 'Cash'),
(54, 1, 4, 3, 'Cash'),
(55, 1, 9, 11, 'Cash'),
(56, 6, 7, 13, 'Cash'),
(57, 1, 9, 21, 'Credit'),
(58, 9, 9, 10, 'Cash'),
(59, 6, 7, 7, 'Credit'),
(60, 9, 9, 12, 'Cash'),
(61, 6, 7, 30, 'Cash'),
(62, 9, 9, 13, 'Cash'),
(63, 6, 7, 24, 'Credit'),
(64, 9, 9, 15, 'Cash'),
(65, 9, 9, 16, 'Cash'),
(66, 5, 8, 11, 'Cash'),
(67, 9, 9, 17, 'Cash'),
(68, 6, 7, 27, 'Cash'),
(69, 3, 6, 20, 'Cash'),
(70, 5, 8, 12, 'Credit'),
(71, 5, 8, 15, 'Credit'),
(72, 3, 6, 8, 'Cash'),
(73, 6, 7, 26, 'Cash'),
(74, 9, 9, 18, 'Credit'),
(75, 3, 6, 15, 'Credit'),
(76, 6, 7, 29, 'Cash'),
(77, 3, 6, 21, 'Credit'),
(78, 5, 8, 25, 'Cash'),
(79, 3, 6, 28, 'Cash'),
(80, 6, 7, 28, 'Credit'),
(81, 3, 6, 16, 'Cash'),
(82, 9, 9, 19, 'Cash'),
(83, 3, 6, 19, 'Cash'),
(84, 3, 6, 18, 'Cash'),
(85, 6, 7, 23, 'Credit'),
(86, 3, 6, 29, 'Cash'),
(87, 5, 8, 27, 'Cash'),
(88, 6, 7, 25, 'Cash'),
(89, 9, 9, 20, 'Cash'),
(90, 5, 8, 26, 'Cash'),
(91, 6, 7, 22, 'Cash'),
(92, 3, 6, 26, 'Cash'),
(93, 3, 6, 30, 'Cash'),
(94, 6, 7, 15, 'Cash'),
(95, 3, 6, 22, 'Cash'),
(96, 9, 9, 30, 'Cash'),
(97, 1, 4, 2, 'Cash'),
(98, 3, 6, 17, 'Credit'),
(99, 6, 20, 30, 'Cash'),
(100, 3, 19, 12, 'Cash'),
(101, 1, 18, 19, 'Cash'),
(102, 3, 19, 16, 'Cash'),
(103, 3, 19, 21, 'Cash'),
(104, 6, 20, 18, 'Cash'),
(105, 1, 18, 20, 'Cash'),
(106, 5, 17, 7, 'Cash'),
(107, 3, 19, 15, 'Credit'),
(108, 3, 19, 11, 'Cash'),
(109, 1, 18, 21, 'Cash'),
(110, 5, 17, 8, 'Cash'),
(111, 3, 19, 20, 'Cash'),
(113, 6, 20, 28, 'Cash'),
(114, 3, 19, 2, 'Credit'),
(115, 1, 18, 22, 'Cash'),
(116, 3, 19, 1, 'Credit'),
(117, 6, 20, 19, 'Credit'),
(118, 5, 17, 17, 'Cash'),
(119, 3, 19, 14, 'Cash'),
(120, 1, 18, 23, 'Cash'),
(121, 3, 19, 10, 'Credit'),
(122, 1, 18, 24, 'Cash'),
(123, 5, 17, 10, 'Credit'),
(124, 3, 19, 18, 'Cash'),
(125, 1, 18, 25, 'Cash'),
(126, 6, 20, 29, 'Cash'),
(127, 3, 19, 9, 'Cash'),
(128, 5, 17, 20, 'Cash'),
(129, 9, 18, 16, 'Credit'),
(130, 1, 18, 26, 'Credit'),
(131, 5, 17, 14, 'Cash'),
(132, 6, 20, 20, 'Cash'),
(133, 1, 18, 27, 'Credit'),
(134, 5, 17, 12, 'Cash'),
(135, 1, 18, 28, 'Credit'),
(136, 6, 20, 21, 'Cash'),
(137, 6, 20, 23, 'Cash'),
(138, 1, 18, 29, 'Credit'),
(139, 1, 18, 30, 'Credit'),
(140, 5, 17, 21, 'Cash'),
(141, 9, 18, 15, 'Credit'),
(142, 6, 20, 24, 'Credit'),
(143, 5, 17, 23, 'Credit'),
(144, 6, 20, 25, 'Credit'),
(145, 3, 19, 27, 'Cash'),
(146, 9, 18, 17, 'Credit'),
(147, 6, 20, 22, 'Cash'),
(148, 3, 19, 26, 'Cash'),
(149, 6, 20, 16, 'Cash'),
(150, 9, 17, 11, 'Credit'),
(151, 5, 17, 24, 'Cash'),
(152, 6, 20, 26, 'Cash'),
(153, 5, 17, 30, 'Credit'),
(154, 9, 17, 13, 'Credit'),
(155, 6, 20, 27, 'Credit'),
(156, 5, 17, 29, 'Credit'),
(157, 5, 17, 16, 'Cash'),
(158, 6, 20, 14, 'Cash'),
(159, 6, 20, 17, 'Cash'),
(160, 6, 20, 15, 'Cash'),
(161, 3, 23, 16, 'Cash'),
(162, 3, 23, 1, 'Cash'),
(163, 3, 23, 2, 'Cash'),
(164, 1, 24, 19, 'Cash'),
(165, 3, 23, 3, 'Cash'),
(166, 6, 24, 18, 'Credit'),
(167, 3, 23, 4, 'Cash'),
(168, 1, 24, 18, 'Cash'),
(169, 3, 23, 7, 'Cash'),
(170, 9, 21, 10, 'Cash'),
(171, 3, 23, 6, 'Cash'),
(172, 6, 24, 27, 'Cash'),
(173, 1, 24, 21, 'Cash'),
(174, 3, 23, 9, 'Credit'),
(175, 6, 24, 21, 'Credit'),
(176, 3, 23, 10, 'Credit'),
(177, 3, 23, 11, 'Credit'),
(178, 9, 21, 11, 'Cash'),
(179, 6, 24, 17, 'Cash'),
(180, 1, 24, 22, 'Cash'),
(181, 3, 23, 13, 'Cash'),
(182, 3, 23, 24, 'Cash'),
(183, 6, 24, 22, 'Cash'),
(184, 1, 24, 23, 'Cash'),
(185, 3, 23, 27, 'Cash'),
(186, 3, 23, 25, 'Credit'),
(187, 6, 24, 24, 'Cash'),
(189, 3, 23, 26, 'Credit'),
(190, 9, 21, 12, 'Credit'),
(191, 3, 23, 23, 'Cash'),
(192, 6, 24, 26, 'Credit'),
(193, 5, 21, 19, 'Cash'),
(194, 3, 23, 20, 'Cash'),
(195, 9, 21, 13, 'Credit'),
(196, 5, 21, 26, 'Cash'),
(197, 6, 24, 30, 'Cash'),
(198, 9, 25, 10, 'Cash'),
(199, 5, 25, 16, 'Cash'),
(200, 6, 28, 18, 'Cash'),
(201, 5, 25, 17, 'Cash'),
(202, 9, 25, 11, 'Cash'),
(203, 1, 27, 22, 'Credit'),
(204, 6, 28, 20, 'Cash'),
(205, 5, 25, 11, 'Cash'),
(206, 1, 27, 19, 'Credit'),
(207, 1, 27, 24, 'Cash'),
(208, 5, 25, 15, 'Cash'),
(209, 6, 28, 13, 'Cash'),
(210, 3, 27, 7, 'Cash'),
(211, 5, 25, 19, 'Cash'),
(213, 3, 27, 18, 'Credit'),
(214, 5, 25, 20, 'Cash'),
(215, 3, 27, 14, 'Cash'),
(216, 1, 26, 15, 'Cash'),
(217, 5, 25, 26, 'Cash'),
(218, 9, 25, 12, 'Credit'),
(219, 3, 27, 20, 'Credit'),
(220, 6, 28, 29, 'Cash'),
(221, 1, 26, 13, 'Credit'),
(222, 3, 27, 21, 'Cash'),
(223, 5, 25, 21, 'Cash'),
(224, 3, 27, 27, 'Cash'),
(225, 1, 26, 19, 'Cash'),
(226, 9, 25, 13, 'Credit'),
(227, 3, 27, 25, 'Credit'),
(228, 5, 25, 8, 'Cash'),
(229, 6, 28, 22, 'Cash'),
(230, 1, 26, 21, 'Cash'),
(231, 3, 27, 26, 'Cash'),
(232, 1, 26, 20, 'Cash'),
(233, 5, 25, 4, 'Credit'),
(234, 6, 28, 21, 'Cash'),
(235, 3, 27, 29, 'Cash'),
(236, 5, 25, 25, 'Credit'),
(237, 1, 26, 23, 'Cash'),
(238, 9, 25, 14, 'Cash'),
(239, 3, 27, 17, 'Credit'),
(240, 5, 29, 16, 'Cash'),
(241, 6, 32, 19, 'Cash'),
(242, 5, 29, 15, 'Cash'),
(243, 1, 30, 17, 'Cash'),
(244, 9, 29, 10, 'Cash'),
(245, 5, 29, 17, 'Cash'),
(246, 1, 30, 20, 'Cash'),
(247, 6, 32, 13, 'Credit'),
(248, 1, 30, 19, 'Credit'),
(249, 5, 29, 22, 'Credit'),
(250, 9, 29, 2, 'Cash'),
(251, 1, 30, 22, 'Credit'),
(252, 1, 30, 23, 'Credit'),
(253, 5, 29, 19, 'Cash'),
(254, 6, 32, 17, 'Cash'),
(255, 1, 30, 24, 'Cash'),
(256, 5, 29, 26, 'Cash'),
(257, 9, 29, 11, 'Credit'),
(258, 1, 30, 25, 'Cash'),
(259, 6, 32, 21, 'Cash'),
(260, 5, 29, 18, 'Cash'),
(261, 9, 29, 12, 'Credit'),
(262, 5, 29, 7, 'Cash'),
(263, 6, 32, 29, 'Cash'),
(264, 5, 29, 20, 'Cash'),
(265, 6, 32, 22, 'Cash'),
(266, 5, 29, 27, 'Credit'),
(267, 5, 29, 14, 'Credit'),
(268, 6, 32, 20, 'Cash'),
(269, 9, 31, 11, 'Cash'),
(270, 5, 29, 28, 'Cash'),
(271, 3, 31, 5, 'Credit'),
(273, 6, 32, 25, 'Cash'),
(274, 3, 31, 13, 'Cash'),
(275, 9, 31, 10, 'Cash'),
(276, 5, 29, 21, 'Cash'),
(277, 3, 31, 16, 'Cash'),
(278, 6, 32, 23, 'Cash'),
(279, 3, 31, 19, 'Cash'),
(280, 3, 31, 17, 'Cash'),
(281, 9, 31, 12, 'Credit'),
(282, 3, 31, 21, 'Credit'),
(283, 3, 31, 23, 'Cash'),
(284, 5, 29, 5, 'Cash'),
(285, 3, 6, 7, 'Credit'),
(286, 1, 12, 18, 'Cash'),
(287, 3, 12, 14, 'Credit'),
(288, 1, 12, 19, 'Cash'),
(289, 5, 10, 17, 'Cash'),
(290, 3, 12, 15, 'Cash'),
(291, 1, 12, 21, 'Credit'),
(292, 3, 12, 22, 'Credit'),
(293, 5, 10, 9, 'Cash'),
(294, 1, 12, 29, 'Cash'),
(295, 6, 13, 19, 'Cash'),
(296, 3, 12, 12, 'Credit'),
(297, 5, 10, 7, 'Cash'),
(298, 9, 13, 10, 'Credit'),
(299, 3, 12, 20, 'Cash'),
(300, 3, 12, 23, 'Cash'),
(301, 1, 12, 25, 'Cash'),
(302, 6, 13, 20, 'Cash'),
(303, 5, 10, 20, 'Cash'),
(304, 3, 12, 24, 'Credit'),
(305, 9, 13, 11, 'Credit'),
(306, 1, 12, 30, 'Cash'),
(307, 5, 10, 21, 'Cash'),
(308, 1, 12, 28, 'Cash'),
(309, 3, 12, 26, 'Credit'),
(310, 6, 13, 21, 'Cash'),
(311, 9, 13, 12, 'Cash'),
(312, 3, 12, 13, 'Cash'),
(313, 1, 12, 27, 'Cash'),
(314, 5, 10, 10, 'Cash'),
(315, 3, 12, 9, 'Cash'),
(316, 3, 12, 11, 'Credit'),
(317, 9, 13, 13, 'Cash'),
(318, 5, 10, 24, 'Credit'),
(319, 3, 12, 6, 'Cash'),
(320, 5, 10, 23, 'Cash'),
(321, 6, 13, 29, 'Cash'),
(322, 5, 10, 5, 'Cash'),
(323, 9, 13, 14, 'Cash'),
(324, 6, 13, 24, 'Cash'),
(325, 3, 12, 2, 'Cash'),
(326, 3, 12, 3, 'Credit'),
(327, 5, 10, 22, 'Cash'),
(328, 3, 12, 1, 'Cash'),
(329, 6, 13, 27, 'Cash'),
(330, 3, 12, 7, 'Credit'),
(331, 5, 10, 15, 'Cash'),
(332, 9, 13, 15, 'Credit'),
(333, 3, 12, 8, 'Cash'),
(335, 5, 10, 26, 'Cash'),
(336, 6, 13, 28, 'Cash'),
(337, 3, 12, 16, 'Credit'),
(338, 9, 13, 16, 'Credit'),
(339, 3, 12, 4, 'Cash'),
(340, 5, 10, 30, 'Cash'),
(341, 6, 13, 23, 'Cash'),
(342, 3, 12, 5, 'Cash'),
(343, 9, 13, 17, 'Cash'),
(344, 6, 13, 25, 'Credit'),
(345, 5, 10, 25, 'Cash'),
(346, 3, 12, 10, 'Credit'),
(347, 3, 12, 17, 'Cash'),
(348, 5, 10, 13, 'Cash'),
(349, 6, 13, 30, 'Cash'),
(350, 5, 10, 1, 'Cash'),
(351, 9, 13, 18, 'Cash'),
(352, 5, 10, 16, 'Cash'),
(353, 6, 13, 4, 'Cash'),
(354, 9, 13, 1, 'Cash'),
(355, 5, 10, 27, 'Cash'),
(356, 1, 733, 19, 'Cash'),
(357, 1, 733, 20, 'Cash'),
(358, 3, 733, 16, 'Cash'),
(359, 1, 733, 21, 'Cash'),
(360, 5, 733, 17, 'Credit'),
(361, 9, 733, 12, 'Cash'),
(362, 1, 733, 23, 'Cash'),
(363, 3, 733, 13, 'Cash'),
(364, 1, 733, 25, 'Cash'),
(365, 3, 733, 18, 'Cash'),
(366, 6, 733, 17, 'Cash'),
(367, 5, 733, 7, 'Cash'),
(368, 1, 733, 28, 'Cash'),
(369, 9, 733, 22, 'Cash'),
(370, 3, 733, 26, 'Cash'),
(371, 5, 733, 26, 'Cash'),
(372, 5, 733, 30, 'Cash'),
(373, 1, 62, 19, 'Cash'),
(374, 5, 36, 14, 'Cash'),
(375, 1, 65, 18, 'Cash'),
(376, 9, 56, 17, 'Cash'),
(377, 3, 94, 13, 'Cash'),
(378, 3, 96, 17, 'Cash'),
(379, 1, 67, 19, 'Cash'),
(380, 5, 36, 18, 'Cash'),
(381, 1, 70, 15, 'Cash'),
(382, 9, 56, 13, 'Cash'),
(383, 5, 36, 17, 'Cash'),
(384, 3, 94, 15, 'Credit'),
(385, 3, 96, 16, 'Credit'),
(386, 9, 53, 17, 'Credit'),
(387, 1, 71, 19, 'Cash'),
(388, 5, 36, 7, 'Credit'),
(389, 3, 94, 18, 'Cash'),
(390, 1, 62, 15, 'Credit'),
(391, 3, 98, 17, 'Credit'),
(392, 9, 53, 18, 'Credit'),
(393, 5, 36, 20, 'Credit'),
(394, 6, 107, 18, 'Credit'),
(395, 1, 65, 14, 'Credit'),
(396, 3, 100, 13, 'Credit'),
(397, 5, 40, 17, 'Credit'),
(398, 9, 60, 19, 'Credit'),
(399, 3, 101, 19, 'Credit'),
(400, 1, 67, 6, 'Credit'),
(401, 5, 40, 7, 'Cash'),
(402, 3, 94, 22, 'Cash'),
(403, 9, 60, 20, 'Credit'),
(404, 1, 70, 2, 'Cash'),
(405, 3, 96, 20, 'Credit'),
(406, 5, 40, 10, 'Cash'),
(407, 1, 71, 13, 'Credit'),
(408, 3, 98, 19, 'Cash'),
(409, 9, 40, 21, 'Cash'),
(410, 5, 40, 20, 'Credit'),
(411, 3, 100, 17, 'Cash'),
(412, 1, 71, 8, 'Credit'),
(413, 3, 101, 20, 'Credit'),
(414, 1, 70, 20, 'Cash'),
(415, 9, 36, 24, 'Cash'),
(416, 3, 94, 21, 'Credit'),
(417, 1, 67, 20, 'Cash'),
(418, 5, 40, 24, 'Cash'),
(419, 3, 96, 19, 'Cash'),
(420, 1, 65, 19, 'Cash'),
(421, 5, 53, 9, 'Credit'),
(422, 3, 98, 18, 'Cash'),
(423, 1, 62, 21, 'Cash'),
(424, 9, 62, 21, 'Cash'),
(425, 5, 53, 7, 'Cash'),
(426, 3, 100, 19, 'Credit'),
(427, 1, 62, 20, 'Cash'),
(428, 6, 107, 17, 'Credit'),
(429, 3, 101, 16, 'Credit'),
(430, 5, 53, 15, 'Credit'),
(431, 9, 62, 22, 'Cash'),
(432, 3, 94, 20, 'Credit'),
(433, 5, 53, 14, 'Credit'),
(434, 5, 56, 12, 'Credit'),
(435, 9, 65, 22, 'Credit'),
(436, 6, 533, 18, 'Cash'),
(437, 5, 56, 19, 'Cash'),
(438, 9, 65, 23, 'Credit'),
(439, 3, 96, 15, 'Cash'),
(440, 6, 102, 18, 'Credit'),
(441, 5, 56, 23, 'Cash'),
(442, 9, 67, 22, 'Credit'),
(443, 5, 56, 21, 'Cash'),
(444, 3, 98, 16, 'Credit'),
(445, 9, 67, 23, 'Credit'),
(446, 3, 100, 21, 'Cash'),
(447, 5, 56, 8, 'Credit'),
(448, 6, 105, 29, 'Cash'),
(449, 3, 101, 22, 'Cash'),
(450, 9, 70, 22, 'Credit'),
(451, 5, 56, 7, 'Cash'),
(452, 9, 70, 23, 'Credit'),
(453, 6, 106, 29, 'Credit'),
(454, 5, 60, 17, 'Credit'),
(455, 9, 71, 21, 'Cash'),
(456, 6, 107, 21, 'Cash'),
(457, 5, 60, 7, 'Cash'),
(458, 3, 144, 14, 'Credit'),
(459, 5, 109, 7, 'Cash'),
(460, 1, 126, 19, 'Cash'),
(461, 3, 146, 18, 'Cash'),
(462, 9, 144, 17, 'Cash'),
(463, 1, 126, 20, 'Cash'),
(464, 3, 150, 18, 'Credit'),
(465, 5, 109, 13, 'Credit'),
(466, 9, 144, 20, 'Cash'),
(467, 1, 130, 19, 'Cash'),
(468, 3, 153, 19, 'Cash'),
(469, 6, 194, 29, 'Cash'),
(470, 1, 133, 15, 'Cash'),
(471, 3, 161, 18, 'Credit'),
(472, 9, 146, 19, 'Cash'),
(473, 5, 109, 17, 'Credit'),
(474, 1, 130, 18, 'Cash'),
(475, 3, 144, 19, 'Cash'),
(476, 6, 196, 16, 'Credit'),
(477, 1, 133, 19, 'Cash'),
(478, 5, 110, 15, 'Cash'),
(479, 9, 150, 20, 'Credit'),
(480, 3, 146, 20, 'Cash'),
(481, 1, 135, 14, 'Cash'),
(482, 5, 110, 17, 'Credit'),
(483, 3, 150, 17, 'Cash'),
(484, 6, 199, 17, 'Cash'),
(485, 1, 138, 17, 'Cash'),
(486, 9, 150, 21, 'Credit'),
(487, 5, 110, 7, 'Cash'),
(488, 3, 153, 12, 'Cash'),
(489, 6, 201, 19, 'Cash'),
(490, 1, 138, 29, 'Cash'),
(491, 5, 114, 15, 'Cash'),
(492, 3, 161, 19, 'Credit'),
(493, 9, 153, 20, 'Credit'),
(494, 1, 126, 21, 'Cash'),
(495, 5, 114, 17, 'Credit'),
(496, 3, 144, 22, 'Cash'),
(497, 6, 204, 27, 'Credit'),
(498, 9, 153, 21, 'Credit'),
(499, 3, 146, 17, 'Cash'),
(500, 9, 161, 20, 'Credit'),
(502, 5, 118, 17, 'Cash'),
(503, 9, 161, 21, 'Credit'),
(504, 3, 150, 22, 'Cash'),
(505, 1, 126, 18, 'Cash'),
(506, 6, 201, 18, 'Credit'),
(507, 5, 118, 16, 'Credit'),
(508, 1, 138, 20, 'Cash'),
(509, 3, 153, 17, 'Cash'),
(510, 3, 161, 22, 'Credit'),
(511, 5, 118, 7, 'Cash'),
(512, 3, 144, 21, 'Cash'),
(513, 9, 194, 15, 'Credit'),
(514, 6, 199, 20, 'Cash'),
(515, 3, 146, 23, 'Cash'),
(516, 5, 124, 17, 'Cash'),
(517, 3, 150, 24, 'Cash'),
(518, 5, 124, 17, 'Cash'),
(519, 1, 138, 21, 'Cash'),
(520, 3, 153, 22, 'Cash'),
(521, 6, 196, 28, 'Cash'),
(522, 5, 124, 7, 'Cash'),
(523, 9, 194, 16, 'Credit'),
(524, 3, 161, 23, 'Cash'),
(525, 3, 144, 23, 'Cash'),
(526, 1, 138, 18, 'Cash'),
(527, 5, 124, 5, 'Credit'),
(528, 6, 194, 26, 'Cash'),
(529, 9, 196, 17, 'Cash'),
(530, 1, 138, 22, 'Credit'),
(531, 3, 146, 13, 'Cash'),
(532, 5, 124, 13, 'Credit'),
(533, 3, 150, 19, 'Cash'),
(534, 6, 196, 20, 'Cash'),
(535, 1, 138, 15, 'Cash'),
(536, 5, 124, 10, 'Cash'),
(537, 9, 199, 16, 'Cash'),
(538, 5, 114, 21, 'Cash'),
(539, 1, 230, 19, 'Cash'),
(540, 6, 261, 18, 'Cash'),
(541, 3, 249, 15, 'Cash'),
(542, 5, 207, 14, 'Cash'),
(543, 1, 232, 16, 'Cash'),
(544, 3, 250, 19, 'Credit'),
(545, 5, 207, 17, 'Credit'),
(546, 1, 230, 20, 'Cash'),
(547, 6, 261, 23, 'Cash'),
(548, 1, 232, 19, 'Cash'),
(549, 3, 253, 15, 'Cash'),
(550, 5, 207, 7, 'Cash'),
(551, 6, 262, 18, 'Cash'),
(552, 3, 256, 18, 'Credit'),
(553, 1, 233, 16, 'Cash'),
(554, 5, 209, 19, 'Cash'),
(555, 3, 257, 17, 'Credit'),
(556, 1, 233, 20, 'Cash'),
(557, 9, 207, 21, 'Cash'),
(558, 6, 265, 20, 'Cash'),
(559, 1, 233, 21, 'Cash'),
(560, 3, 249, 20, 'Cash'),
(562, 5, 209, 20, 'Credit'),
(563, 1, 238, 18, 'Cash'),
(564, 3, 250, 6, 'Cash'),
(565, 9, 207, 23, 'Cash'),
(566, 6, 274, 18, 'Cash'),
(567, 1, 239, 17, 'Cash'),
(568, 3, 253, 12, 'Cash'),
(569, 6, 265, 16, 'Cash'),
(570, 5, 209, 21, 'Cash'),
(571, 9, 209, 21, 'Cash'),
(572, 1, 238, 19, 'Credit'),
(573, 3, 256, 14, 'Cash'),
(574, 6, 270, 19, 'Cash'),
(575, 5, 209, 7, 'Credit'),
(576, 1, 239, 19, 'Cash'),
(577, 6, 265, 15, 'Credit'),
(578, 1, 233, 7, 'Credit'),
(579, 6, 262, 16, 'Credit'),
(580, 5, 211, 7, 'Credit'),
(581, 3, 257, 13, 'Cash'),
(582, 9, 211, 19, 'Credit'),
(583, 1, 232, 20, 'Cash'),
(584, 3, 249, 17, 'Cash'),
(585, 1, 230, 21, 'Cash'),
(586, 5, 214, 17, 'Cash'),
(587, 6, 270, 20, 'Credit'),
(588, 3, 250, 21, 'Cash'),
(589, 1, 233, 23, 'Cash'),
(590, 9, 214, 18, 'Credit'),
(591, 5, 214, 19, 'Credit'),
(592, 3, 253, 19, 'Credit'),
(593, 1, 238, 21, 'Cash'),
(594, 6, 262, 17, 'Cash'),
(595, 3, 256, 19, 'Cash'),
(596, 6, 261, 15, 'Cash'),
(597, 5, 229, 13, 'Cash'),
(598, 1, 239, 11, 'Cash'),
(599, 3, 257, 28, 'Credit'),
(600, 6, 265, 18, 'Cash'),
(601, 1, 230, 18, 'Cash'),
(602, 5, 229, 17, 'Cash'),
(603, 5, 229, 14, 'Cash'),
(604, 3, 249, 21, 'Cash'),
(605, 3, 249, 21, 'Cash'),
(606, 1, 301, 18, 'Credit'),
(607, 3, 335, 18, 'Credit'),
(608, 6, 374, 18, 'Cash'),
(609, 5, 283, 17, 'Cash'),
(610, 9, 301, 18, 'Cash'),
(611, 6, 377, 17, 'Cash'),
(612, 5, 283, 19, 'Credit'),
(613, 1, 301, 19, 'Cash'),
(614, 6, 380, 14, 'Cash'),
(615, 3, 342, 17, 'Cash'),
(616, 9, 304, 17, 'Cash'),
(617, 3, 353, 18, 'Cash'),
(618, 1, 301, 21, 'Cash'),
(619, 5, 286, 16, 'Cash'),
(620, 6, 382, 22, 'Cash'),
(621, 3, 365, 17, 'Cash'),
(622, 1, 304, 19, 'Cash'),
(623, 6, 374, 17, 'Credit'),
(624, 9, 318, 18, 'Credit'),
(625, 3, 365, 19, 'Credit'),
(626, 5, 286, 11, 'Cash'),
(627, 1, 318, 18, 'Cash'),
(628, 6, 370, 17, 'Cash'),
(629, 3, 353, 16, 'Cash'),
(630, 6, 377, 15, 'Credit'),
(631, 1, 304, 21, 'Cash'),
(632, 5, 289, 18, 'Cash'),
(633, 9, 328, 18, 'Credit'),
(634, 6, 374, 16, 'Credit'),
(635, 6, 374, 16, 'Credit'),
(636, 3, 342, 19, 'Cash'),
(637, 5, 291, 17, 'Cash'),
(638, 1, 318, 17, 'Cash'),
(640, 6, 377, 28, 'Credit'),
(641, 3, 330, 16, 'Cash'),
(642, 5, 291, 7, 'Cash'),
(643, 1, 325, 18, 'Cash'),
(644, 6, 380, 27, 'Cash'),
(645, 3, 330, 14, 'Cash'),
(646, 6, 382, 16, 'Cash'),
(647, 5, 296, 17, 'Cash'),
(648, 1, 325, 19, 'Cash'),
(649, 3, 335, 4, 'Cash'),
(650, 6, 374, 19, 'Credit'),
(651, 3, 342, 13, 'Cash'),
(652, 5, 296, 7, 'Cash'),
(653, 1, 328, 17, 'Cash'),
(654, 6, 377, 22, 'Cash'),
(655, 3, 353, 3, 'Credit'),
(656, 1, 328, 21, 'Cash'),
(657, 5, 296, 20, 'Cash'),
(658, 9, 325, 17, 'Credit'),
(659, 6, 380, 30, 'Credit'),
(660, 3, 365, 11, 'Credit'),
(661, 9, 325, 17, 'Credit'),
(662, 1, 328, 22, 'Cash'),
(663, 5, 296, 10, 'Cash'),
(664, 1, 304, 20, 'Cash'),
(665, 6, 382, 17, 'Credit'),
(666, 5, 286, 19, 'Cash'),
(667, 5, 286, 21, 'Cash'),
(669, 3, 433, 16, 'Cash'),
(670, 3, 444, 2, 'Cash'),
(671, 6, 424, 17, 'Cash'),
(672, 3, 445, 5, 'Cash'),
(673, 6, 424, 16, 'Credit'),
(674, 3, 446, 9, 'Cash'),
(675, 5, 391, 15, 'Cash'),
(676, 1, 451, 18, 'Cash'),
(677, 6, 426, 16, 'Credit'),
(678, 3, 450, 4, 'Credit'),
(679, 1, 451, 20, 'Credit'),
(680, 5, 393, 18, 'Cash'),
(681, 6, 427, 24, 'Cash'),
(682, 3, 433, 17, 'Cash'),
(683, 1, 453, 18, 'Cash'),
(684, 3, 444, 19, 'Cash'),
(685, 9, 433, 22, 'Cash'),
(686, 6, 426, 26, 'Cash'),
(687, 5, 393, 7, 'Cash'),
(688, 1, 455, 18, 'Cash'),
(689, 3, 445, 16, 'Cash'),
(690, 6, 428, 16, 'Cash'),
(691, 1, 457, 16, 'Cash'),
(692, 5, 407, 17, 'Cash'),
(693, 3, 446, 15, 'Cash'),
(694, 6, 427, 18, 'Credit'),
(695, 1, 460, 21, 'Cash'),
(696, 3, 450, 18, 'Credit'),
(697, 5, 400, 7, 'Credit'),
(698, 9, 445, 18, 'Credit'),
(699, 6, 428, 28, 'Credit'),
(700, 3, 433, 2, 'Cash'),
(701, 1, 460, 19, 'Cash'),
(702, 5, 393, 17, 'Credit'),
(703, 3, 444, 17, 'Cash'),
(704, 3, 445, 20, 'Cash'),
(705, 6, 428, 21, 'Cash'),
(706, 1, 457, 20, 'Cash'),
(707, 9, 446, 19, 'Credit'),
(708, 5, 400, 17, 'Cash'),
(709, 3, 446, 21, 'Credit'),
(710, 1, 457, 21, 'Cash'),
(711, 6, 427, 20, 'Credit'),
(712, 3, 450, 1, 'Cash'),
(713, 1, 457, 22, 'Cash'),
(714, 5, 404, 7, 'Cash'),
(715, 1, 460, 27, 'Cash'),
(716, 3, 433, 18, 'Cash'),
(717, 5, 404, 17, 'Credit'),
(718, 6, 428, 29, 'Credit'),
(719, 1, 457, 23, 'Cash'),
(720, 3, 444, 16, 'Cash'),
(721, 6, 428, 25, 'Credit'),
(722, 9, 393, 20, 'Credit'),
(723, 5, 391, 17, 'Cash'),
(724, 3, 445, 15, 'Cash'),
(725, 1, 455, 20, 'Cash'),
(726, 6, 430, 29, 'Credit'),
(727, 1, 455, 21, 'Cash'),
(728, 3, 446, 20, 'Cash'),
(729, 9, 400, 21, 'Credit'),
(730, 3, 450, 17, 'Cash'),
(731, 5, 391, 7, 'Cash'),
(732, 1, 453, 19, 'Cash'),
(733, 6, 428, 24, 'Credit'),
(735, 1, 528, 19, 'Cash'),
(736, 1, 528, 18, 'Cash'),
(737, 3, 505, 15, 'Credit'),
(738, 9, 505, 17, 'Cash'),
(739, 5, 464, 15, 'Cash'),
(740, 3, 507, 30, 'Credit'),
(741, 1, 543, 18, 'Cash'),
(742, 5, 464, 17, 'Cash'),
(743, 9, 507, 18, 'Cash'),
(744, 3, 512, 29, 'Cash'),
(745, 1, 543, 1, 'Cash'),
(746, 1, 535, 1, 'Cash'),
(747, 9, 516, 18, 'Credit'),
(748, 5, 464, 7, 'Credit'),
(749, 3, 516, 28, 'Cash'),
(750, 1, 535, 19, 'Cash'),
(751, 5, 466, 19, 'Credit'),
(752, 6, 488, 17, 'Credit'),
(753, 9, 520, 18, 'Credit'),
(754, 3, 520, 30, 'Credit'),
(755, 1, 544, 15, 'Cash'),
(756, 5, 466, 17, 'Cash'),
(757, 6, 491, 17, 'Cash'),
(758, 3, 505, 19, 'Cash'),
(759, 1, 537, 18, 'Cash'),
(760, 5, 466, 7, 'Cash'),
(761, 3, 507, 7, 'Credit'),
(762, 6, 491, 18, 'Cash'),
(763, 1, 537, 20, 'Credit'),
(764, 3, 512, 28, 'Cash'),
(765, 5, 470, 17, 'Cash'),
(766, 6, 495, 19, 'Cash'),
(767, 1, 544, 20, 'Cash'),
(768, 9, 528, 20, 'Cash'),
(769, 6, 500, 15, 'Cash'),
(770, 5, 470, 9, 'Credit'),
(771, 3, 520, 28, 'Credit'),
(772, 1, 537, 21, 'Cash'),
(773, 1, 544, 19, 'Cash'),
(774, 3, 516, 20, 'Credit'),
(775, 6, 498, 26, 'Cash'),
(776, 5, 470, 7, 'Cash'),
(777, 9, 543, 21, 'Cash'),
(778, 1, 535, 20, 'Cash'),
(779, 3, 505, 18, 'Cash'),
(780, 6, 500, 18, 'Cash'),
(781, 5, 483, 17, 'Cash'),
(782, 3, 507, 17, 'Credit'),
(783, 1, 543, 20, 'Cash'),
(784, 6, 498, 18, 'Credit'),
(785, 9, 544, 18, 'Credit'),
(786, 3, 512, 16, 'Cash'),
(787, 1, 535, 22, 'Cash'),
(788, 5, 483, 7, 'Cash'),
(789, 6, 495, 18, 'Cash'),
(790, 3, 516, 19, 'Cash'),
(791, 1, 544, 23, 'Cash'),
(792, 6, 491, 20, 'Cash'),
(793, 9, 544, 21, 'Credit'),
(794, 5, 483, 19, 'Credit'),
(795, 3, 520, 27, 'Credit'),
(796, 6, 488, 19, 'Credit'),
(797, 5, 485, 17, 'Credit'),
(798, 3, 507, 20, 'Cash'),
(799, 9, 537, 17, 'Credit'),
(800, 6, 498, 20, 'Credit'),
(801, 5, 485, 7, 'Cash'),
(802, 5, 485, 19, 'Cash'),
(803, 3, 54, 17, 'Cash'),
(804, 3, 41, 19, 'Cash'),
(805, 5, 35, 17, 'Cash'),
(806, 6, 75, 16, 'Cash'),
(807, 5, 35, 7, 'Credit'),
(808, 3, 54, 19, 'Cash'),
(809, 6, 81, 14, 'Cash'),
(810, 5, 47, 17, 'Cash'),
(811, 9, 75, 18, 'Credit'),
(812, 6, 88, 19, 'Credit'),
(813, 3, 54, 19, 'Cash'),
(814, 9, 75, 17, 'Credit'),
(815, 6, 52, 18, 'Cash'),
(816, 6, 75, 15, 'Cash'),
(817, 5, 64, 19, 'Cash'),
(818, 6, 52, 19, 'Cash'),
(819, 9, 52, 16, 'Cash'),
(820, 6, 72, 19, 'Cash'),
(821, 5, 64, 8, 'Cash'),
(822, 6, 88, 28, 'Credit'),
(823, 6, 81, 27, 'Cash'),
(824, 5, 78, 7, 'Cash'),
(825, 6, 81, 28, 'Cash'),
(826, 9, 52, 16, 'Cash'),
(827, 1, 43, 19, 'Cash'),
(828, 3, 41, 17, 'Cash'),
(829, 5, 87, 17, 'Credit'),
(830, 6, 72, 29, 'Cash'),
(831, 3, 54, 20, 'Cash'),
(832, 1, 43, 20, 'Cash'),
(833, 9, 72, 15, 'Cash'),
(834, 6, 75, 28, 'Credit'),
(835, 5, 78, 17, 'Cash'),
(836, 3, 57, 17, 'Cash'),
(837, 6, 81, 20, 'Cash'),
(838, 5, 78, 20, 'Cash'),
(839, 1, 43, 21, 'Cash'),
(840, 6, 88, 29, 'Credit'),
(841, 3, 86, 19, 'Cash'),
(842, 3, 89, 16, 'Credit'),
(843, 5, 64, 17, 'Cash'),
(844, 6, 81, 29, 'Credit'),
(845, 3, 41, 10, 'Credit'),
(846, 6, 72, 28, 'Credit'),
(847, 3, 54, 13, 'Cash'),
(848, 1, 43, 22, 'Cash'),
(849, 3, 57, 16, 'Credit'),
(850, 5, 47, 7, 'Cash'),
(851, 6, 52, 17, 'Credit'),
(852, 3, 86, 29, 'Cash'),
(853, 1, 43, 23, 'Cash'),
(854, 5, 78, 15, 'Cash'),
(855, 3, 89, 13, 'Credit'),
(856, 6, 75, 23, 'Cash'),
(857, 9, 52, 21, 'Cash'),
(858, 6, 81, 19, 'Credit'),
(859, 3, 41, 29, 'Cash'),
(860, 1, 59, 19, 'Cash'),
(861, 5, 35, 11, 'Credit'),
(862, 3, 54, 18, 'Cash'),
(863, 1, 59, 20, 'Cash'),
(864, 3, 57, 19, 'Cash'),
(865, 6, 88, 18, 'Credit'),
(866, 1, 74, 18, 'Cash'),
(867, 3, 86, 17, 'Cash'),
(868, 5, 78, 10, 'Cash'),
(869, 3, 89, 18, 'Credit'),
(870, 9, 72, 18, 'Cash'),
(871, 1, 85, 19, 'Cash'),
(872, 6, 72, 20, 'Credit'),
(873, 6, 81, 21, 'Credit'),
(874, 1, 90, 17, 'Cash'),
(875, 3, 41, 21, 'Cash'),
(876, 3, 54, 24, 'Cash'),
(877, 3, 166, 16, 'Cash'),
(878, 3, 181, 18, 'Credit'),
(879, 1, 168, 19, 'Cash'),
(880, 9, 168, 17, 'Cash'),
(881, 3, 181, 19, 'Cash'),
(882, 3, 166, 15, 'Cash'),
(883, 9, 185, 18, 'Cash'),
(884, 6, 190, 16, 'Cash'),
(885, 3, 181, 17, 'Cash'),
(886, 1, 168, 20, 'Cash'),
(887, 6, 190, 17, 'Cash'),
(888, 3, 166, 18, 'Cash'),
(889, 1, 168, 23, 'Cash'),
(890, 6, 190, 28, 'Cash'),
(891, 9, 168, 18, 'Credit'),
(892, 1, 168, 22, 'Cash'),
(893, 6, 190, 27, 'Credit'),
(894, 9, 168, 22, 'Credit'),
(895, 3, 166, 28, 'Cash'),
(896, 6, 190, 29, 'Credit'),
(897, 3, 181, 21, 'Cash'),
(898, 1, 168, 25, 'Cash'),
(899, 9, 185, 16, 'Credit'),
(900, 6, 190, 19, 'Credit'),
(901, 3, 166, 21, 'Cash'),
(902, 3, 181, 22, 'Cash'),
(903, 6, 190, 26, 'Cash'),
(904, 9, 185, 20, 'Credit'),
(905, 6, 190, 24, 'Cash'),
(906, 6, 190, 11, 'Cash'),
(907, 1, 168, 26, 'Cash'),
(908, 9, 168, 15, 'Credit'),
(909, 5, 137, 17, 'Cash'),
(910, 6, 190, 25, 'Cash'),
(911, 6, 190, 22, 'Cash'),
(912, 5, 157, 17, 'Cash'),
(913, 9, 185, 19, 'Credit'),
(914, 1, 185, 21, 'Cash'),
(915, 5, 137, 20, 'Cash'),
(916, 3, 181, 20, 'Credit'),
(917, 9, 185, 21, 'Credit'),
(918, 3, 166, 19, 'Credit'),
(919, 1, 185, 22, 'Cash'),
(920, 5, 174, 17, 'Credit'),
(921, 5, 174, 18, 'Cash'),
(922, 3, 231, 17, 'Credit'),
(923, 6, 219, 17, 'Credit'),
(924, 3, 248, 18, 'Cash'),
(925, 6, 219, 17, 'Credit'),
(926, 6, 219, 19, 'Cash'),
(927, 3, 264, 18, 'Cash'),
(928, 6, 246, 19, 'Cash'),
(929, 3, 273, 17, 'Cash'),
(930, 6, 259, 19, 'Cash'),
(931, 5, 269, 17, 'Cash'),
(932, 3, 293, 18, 'Credit'),
(933, 6, 271, 18, 'Cash'),
(934, 3, 231, 16, 'Cash'),
(935, 5, 278, 17, 'Credit'),
(936, 3, 248, 16, 'Cash'),
(937, 1, 236, 19, 'Cash'),
(938, 6, 288, 19, 'Credit'),
(939, 9, 269, 18, 'Cash'),
(940, 5, 269, 7, 'Cash'),
(941, 3, 264, 17, 'Cash'),
(942, 1, 236, 18, 'Cash'),
(944, 1, 251, 19, 'Cash'),
(945, 5, 278, 19, 'Credit'),
(946, 9, 278, 16, 'Cash'),
(947, 3, 273, 29, 'Cash'),
(948, 6, 259, 18, 'Credit'),
(949, 1, 251, 20, 'Cash'),
(950, 6, 246, 16, 'Credit'),
(951, 1, 266, 19, 'Cash'),
(952, 3, 293, 19, 'Credit'),
(953, 9, 278, 21, 'Credit'),
(954, 5, 269, 21, 'Cash'),
(955, 6, 246, 16, 'Credit'),
(956, 1, 275, 18, 'Cash'),
(957, 3, 231, 21, 'Credit'),
(958, 6, 219, 21, 'Cash'),
(959, 3, 248, 29, 'Cash'),
(960, 9, 278, 23, 'Credit'),
(961, 5, 278, 7, 'Cash'),
(962, 6, 259, 20, 'Cash'),
(963, 3, 264, 20, 'Credit'),
(964, 3, 273, 19, 'Cash'),
(965, 6, 271, 20, 'Credit'),
(966, 9, 269, 19, 'Credit'),
(967, 3, 293, 20, 'Credit'),
(968, 1, 275, 20, 'Cash'),
(969, 6, 288, 28, 'Credit'),
(970, 3, 231, 20, 'Cash'),
(971, 5, 269, 12, 'Cash'),
(972, 3, 248, 20, 'Cash'),
(973, 1, 295, 17, 'Cash'),
(974, 3, 264, 22, 'Credit'),
(975, 3, 273, 18, 'Credit'),
(976, 9, 269, 15, 'Cash'),
(977, 6, 246, 20, 'Cash'),
(978, 5, 278, 22, 'Credit'),
(979, 1, 295, 19, 'Cash'),
(980, 3, 293, 21, 'Credit'),
(981, 6, 259, 22, 'Cash'),
(982, 3, 231, 23, 'Cash'),
(983, 1, 295, 21, 'Cash'),
(984, 6, 271, 19, 'Cash'),
(985, 3, 248, 21, 'Cash'),
(986, 3, 264, 19, 'Cash'),
(987, 9, 278, 24, 'Cash'),
(988, 5, 278, 25, 'Credit'),
(989, 5, 278, 25, 'Credit'),
(990, 6, 246, 22, 'Credit'),
(991, 3, 273, 20, 'Cash'),
(992, 3, 293, 23, 'Cash'),
(993, 9, 278, 15, 'Credit'),
(994, 3, 231, 24, 'Cash'),
(995, 3, 248, 19, 'Cash'),
(996, 3, 264, 23, 'Cash'),
(997, 6, 271, 22, 'Cash'),
(998, 3, 273, 28, 'Cash'),
(999, 5, 278, 27, 'Cash'),
(1000, 3, 293, 30, 'Credit'),
(1001, 6, 271, 21, 'Cash'),
(1002, 9, 269, 24, 'Cash'),
(1003, 6, 259, 17, 'Cash'),
(1004, 5, 269, 6, 'Cash'),
(1005, 9, 278, 26, 'Credit'),
(1006, 1, 251, 21, 'Cash'),
(1007, 6, 271, 23, 'Credit'),
(1008, 5, 278, 10, 'Credit'),
(1009, 6, 271, 24, 'Cash'),
(1010, 5, 278, 14, 'Credit'),
(1011, 9, 246, 18, 'Cash'),
(1012, 1, 309, 19, 'Cash'),
(1013, 5, 300, 16, 'Cash'),
(1014, 1, 341, 18, 'Cash'),
(1015, 5, 324, 17, 'Cash'),
(1016, 5, 300, 17, 'Credit'),
(1017, 6, 302, 19, 'Cash'),
(1018, 5, 354, 17, 'Cash'),
(1019, 9, 305, 13, 'Cash'),
(1020, 6, 331, 17, 'Cash'),
(1021, 5, 354, 7, 'Credit'),
(1022, 5, 300, 19, 'Cash'),
(1023, 6, 362, 18, 'Cash'),
(1024, 5, 324, 7, 'Cash'),
(1025, 1, 341, 20, 'Credit'),
(1026, 9, 368, 15, 'Cash'),
(1027, 6, 389, 18, 'Cash'),
(1028, 5, 385, 17, 'Cash'),
(1029, 1, 373, 19, 'Cash'),
(1030, 1, 402, 19, 'Cash'),
(1031, 6, 413, 28, 'Credit'),
(1032, 5, 385, 7, 'Credit'),
(1033, 1, 420, 17, 'Cash'),
(1034, 6, 389, 28, 'Cash'),
(1035, 5, 411, 7, 'Cash'),
(1036, 9, 394, 16, 'Cash'),
(1037, 1, 420, 20, 'Cash'),
(1038, 6, 362, 27, 'Cash'),
(1039, 5, 411, 17, 'Credit'),
(1040, 1, 420, 21, 'Cash'),
(1041, 6, 413, 18, 'Credit'),
(1042, 1, 420, 22, 'Cash'),
(1043, 5, 411, 10, 'Cash'),
(1044, 6, 389, 29, 'Cash'),
(1045, 5, 411, 20, 'Credit'),
(1046, 9, 415, 18, 'Credit'),
(1047, 6, 413, 29, 'Credit'),
(1048, 5, 385, 10, 'Cash'),
(1049, 9, 415, 16, 'Credit'),
(1050, 6, 389, 25, 'Cash'),
(1051, 5, 354, 10, 'Cash'),
(1052, 6, 413, 19, 'Credit'),
(1053, 5, 324, 10, 'Credit'),
(1054, 9, 394, 19, 'Credit'),
(1055, 5, 300, 15, 'Cash'),
(1056, 5, 354, 15, 'Cash'),
(1057, 5, 385, 19, 'Cash'),
(1058, 6, 302, 29, 'Credit'),
(1059, 5, 300, 7, 'Cash'),
(1060, 9, 394, 18, 'Credit'),
(1061, 6, 362, 29, 'Cash'),
(1062, 5, 385, 20, 'Cash'),
(1063, 6, 413, 20, 'Credit'),
(1064, 9, 415, 20, 'Credit'),
(1065, 9, 336, 16, 'Cash'),
(1066, 5, 411, 21, 'Cash'),
(1067, 6, 413, 16, 'Credit'),
(1068, 1, 452, 18, 'Cash'),
(1069, 1, 452, 20, 'Cash'),
(1070, 6, 435, 18, 'Cash'),
(1071, 6, 461, 18, 'Credit'),
(1072, 5, 431, 15, 'Cash'),
(1073, 5, 459, 17, 'Cash'),
(1074, 9, 442, 19, 'Cash'),
(1075, 6, 476, 18, 'Credit'),
(1076, 5, 459, 20, 'Cash'),
(1077, 9, 484, 14, 'Credit'),
(1078, 6, 493, 19, 'Cash'),
(1079, 5, 431, 18, 'Cash'),
(1080, 6, 493, 19, 'Cash'),
(1081, 9, 496, 18, 'Credit'),
(1082, 6, 493, 18, 'Credit'),
(1083, 5, 459, 7, 'Cash'),
(1084, 6, 504, 19, 'Credit'),
(1085, 9, 442, 17, 'Credit'),
(1086, 1, 452, 19, 'Cash'),
(1087, 5, 472, 7, 'Cash'),
(1088, 5, 472, 17, 'Cash'),
(1089, 9, 442, 20, 'Credit'),
(1090, 1, 467, 19, 'Cash'),
(1091, 6, 435, 4, 'Cash'),
(1092, 1, 467, 20, 'Cash'),
(1093, 5, 459, 10, 'Cash'),
(1094, 9, 442, 21, 'Credit'),
(1095, 6, 504, 18, 'Credit'),
(1096, 5, 489, 17, 'Cash'),
(1097, 1, 467, 18, 'Cash'),
(1098, 6, 476, 20, 'Credit'),
(1099, 5, 501, 7, 'Credit'),
(1100, 1, 486, 18, 'Cash'),
(1101, 5, 501, 17, 'Cash'),
(1102, 9, 442, 22, 'Credit'),
(1103, 6, 493, 21, 'Cash'),
(1104, 1, 486, 20, 'Cash'),
(1105, 5, 431, 20, 'Credit'),
(1106, 1, 486, 21, 'Cash'),
(1107, 9, 462, 17, 'Cash'),
(1108, 1, 486, 22, 'Cash'),
(1109, 5, 472, 10, 'Cash'),
(1110, 9, 462, 18, 'Cash'),
(1111, 1, 486, 23, 'Cash'),
(1112, 6, 493, 17, 'Credit'),
(1113, 5, 489, 7, 'Cash'),
(1114, 9, 484, 18, 'Cash'),
(1115, 6, 504, 20, 'Cash'),
(1116, 1, 486, 24, 'Cash'),
(1117, 6, 476, 21, 'Credit'),
(1118, 5, 431, 17, 'Cash'),
(1119, 1, 486, 25, 'Cash'),
(1120, 9, 496, 19, 'Credit'),
(1121, 1, 486, 26, 'Cash'),
(1122, 5, 431, 7, 'Credit'),
(1123, 6, 435, 28, 'Credit'),
(1124, 1, 486, 27, 'Cash'),
(1125, 5, 459, 13, 'Cash'),
(1126, 6, 461, 29, 'Cash'),
(1127, 9, 496, 14, 'Credit'),
(1128, 1, 486, 28, 'Cash'),
(1129, 5, 472, 15, 'Cash'),
(1130, 9, 484, 19, 'Cash'),
(1131, 6, 476, 19, 'Cash'),
(1132, 1, 486, 29, 'Credit'),
(1133, 6, 493, 23, 'Cash'),
(1134, 5, 489, 10, 'Cash'),
(1135, 5, 489, 10, 'Cash'),
(1136, 1, 467, 29, 'Cash'),
(1137, 6, 504, 27, 'Credit'),
(1138, 1, 452, 22, 'Cash'),
(1139, 1, 467, 21, 'Cash'),
(1140, 9, 496, 21, 'Cash'),
(1141, 5, 501, 10, 'Credit'),
(1142, 5, 529, 17, 'Cash'),
(1143, 6, 593, 19, 'Credit'),
(1144, 1, 540, 19, 'Cash'),
(1145, 6, 606, 19, 'Credit'),
(1146, 1, 540, 20, 'Cash'),
(1147, 5, 529, 10, 'Credit'),
(1148, 6, 593, 18, 'Cash'),
(1149, 6, 606, 18, 'Credit'),
(1150, 1, 567, 19, 'Cash'),
(1151, 5, 529, 11, 'Cash'),
(1152, 1, 586, 19, 'Cash'),
(1153, 6, 593, 20, 'Credit'),
(1154, 9, 599, 15, 'Cash'),
(1155, 1, 586, 20, 'Cash'),
(1156, 6, 606, 28, 'Cash'),
(1157, 1, 600, 20, 'Cash'),
(1158, 6, 593, 29, 'Credit'),
(1159, 1, 600, 19, 'Cash'),
(1160, 9, 610, 18, 'Credit'),
(1161, 1, 616, 18, 'Cash'),
(1162, 6, 606, 21, 'Cash'),
(1163, 1, 600, 21, 'Cash'),
(1164, 6, 593, 28, 'Cash'),
(1165, 5, 568, 17, 'Cash'),
(1166, 1, 586, 21, 'Cash'),
(1168, 6, 606, 27, 'Cash'),
(1169, 1, 616, 20, 'Cash'),
(1170, 6, 606, 24, 'Cash'),
(1171, 1, 600, 18, 'Cash'),
(1172, 5, 588, 17, 'Credit'),
(1173, 6, 593, 27, 'Credit'),
(1174, 1, 600, 23, 'Cash'),
(1175, 9, 599, 19, 'Cash'),
(1176, 1, 586, 22, 'Cash'),
(1177, 5, 588, 7, 'Credit'),
(1178, 5, 588, 7, 'Cash'),
(1179, 5, 568, 7, 'Credit'),
(1180, 6, 534, 19, 'Credit'),
(1181, 5, 549, 17, 'Credit'),
(1182, 6, 554, 17, 'Cash'),
(1183, 5, 529, 20, 'Cash'),
(1184, 6, 580, 19, 'Cash'),
(1185, 9, 599, 19, 'Cash'),
(1186, 6, 534, 16, 'Credit'),
(1187, 9, 599, 19, 'Cash'),
(1188, 5, 529, 7, 'Credit'),
(1189, 6, 554, 28, 'Credit'),
(1191, 5, 529, 24, 'Cash'),
(1192, 5, 568, 21, 'Cash'),
(1193, 6, 534, 21, 'Cash'),
(1194, 6, 534, 21, 'Cash'),
(1195, 5, 588, 21, 'Credit'),
(1196, 6, 554, 20, 'Credit'),
(1197, 6, 580, 29, 'Credit'),
(1198, 6, 554, 19, 'Credit'),
(1199, 5, 601, 30, 'Credit'),
(1200, 6, 580, 27, 'Cash'),
(1201, 6, 554, 27, 'Cash'),
(1202, 6, 534, 20, 'Cash'),
(1203, 1, 640, 19, 'Cash'),
(1204, 1, 640, 20, 'Cash'),
(1205, 1, 661, 19, 'Cash'),
(1206, 5, 625, 17, 'Cash'),
(1207, 1, 679, 19, 'Cash'),
(1209, 5, 625, 14, 'Credit'),
(1211, 1, 708, 19, 'Cash'),
(1212, 5, 625, 7, 'Credit'),
(1213, 5, 648, 18, 'Cash'),
(1214, 5, 648, 17, 'Cash'),
(1215, 5, 666, 18, 'Cash'),
(1216, 5, 666, 17, 'Credit'),
(1217, 5, 666, 7, 'Cash'),
(1218, 1, 679, 18, 'Cash'),
(1219, 5, 682, 18, 'Cash'),
(1220, 5, 682, 17, 'Credit'),
(1221, 5, 682, 7, 'Credit'),
(1222, 5, 695, 17, 'Cash'),
(1223, 5, 695, 7, 'Credit'),
(1224, 5, 695, 10, 'Cash'),
(1225, 1, 661, 20, 'Cash'),
(1226, 5, 695, 5, 'Cash'),
(1227, 5, 682, 20, 'Cash'),
(1228, 1, 690, 18, 'Cash'),
(1229, 1, 690, 20, 'Cash'),
(1230, 5, 666, 10, 'Cash'),
(1231, 1, 708, 18, 'Cash'),
(1232, 1, 708, 21, 'Cash'),
(1233, 1, 708, 20, 'Cash'),
(1234, 1, 661, 18, 'Cash'),
(1235, 1, 679, 21, 'Credit'),
(1236, 1, 679, 20, 'Credit'),
(1237, 1, 679, 15, 'Credit'),
(1238, 5, 625, 20, 'Cash'),
(1239, 5, 666, 20, 'Cash'),
(1240, 5, 666, 16, 'Credit'),
(1241, 1, 167, 18, 'Cash'),
(1242, 1, 167, 19, 'Credit'),
(1243, 1, 169, 19, 'Credit'),
(1244, 1, 169, 14, 'Credit'),
(1245, 1, 169, 13, 'Credit'),
(1246, 3, 155, 14, 'Credit'),
(1247, 1, 171, 15, 'Credit'),
(1248, 1, 171, 7, 'Credit'),
(1249, 1, 173, 14, 'Credit'),
(1250, 3, 155, 20, 'Credit'),
(1251, 1, 171, 20, 'Credit'),
(1252, 5, 123, 10, 'Cash'),
(1253, 3, 158, 17, 'Cash'),
(1254, 1, 173, 20, 'Credit'),
(1255, 1, 175, 16, 'Credit'),
(1256, 5, 129, 18, 'Cash'),
(1257, 3, 159, 15, 'Cash'),
(1258, 1, 175, 18, 'Credit'),
(1259, 1, 175, 20, 'Credit'),
(1260, 1, 173, 21, 'Credit'),
(1261, 3, 163, 17, 'Credit'),
(1262, 1, 171, 22, 'Credit'),
(1263, 5, 132, 17, 'Credit'),
(1264, 1, 169, 21, 'Credit'),
(1265, 3, 165, 16, 'Cash'),
(1266, 1, 169, 18, 'Credit'),
(1267, 3, 155, 19, 'Cash'),
(1268, 1, 169, 23, 'Cash'),
(1269, 5, 132, 7, 'Cash'),
(1270, 1, 167, 21, 'Cash'),
(1271, 3, 158, 18, 'Credit'),
(1272, 5, 136, 17, 'Credit'),
(1273, 3, 159, 17, 'Cash'),
(1274, 5, 134, 17, 'Credit'),
(1275, 3, 163, 14, 'Cash'),
(1276, 1, 167, 30, 'Cash'),
(1277, 3, 155, 15, 'Credit'),
(1278, 5, 134, 28, 'Cash'),
(1279, 6, 140, 18, 'Credit'),
(1280, 1, 167, 29, 'Credit'),
(1281, 3, 158, 16, 'Credit'),
(1282, 6, 143, 18, 'Cash'),
(1283, 1, 169, 24, 'Credit'),
(1284, 1, 169, 30, 'Cash'),
(1285, 3, 163, 20, 'Cash'),
(1286, 5, 136, 29, 'Cash'),
(1287, 6, 145, 30, 'Cash'),
(1288, 3, 165, 13, 'Credit'),
(1289, 1, 171, 30, 'Credit'),
(1290, 5, 123, 28, 'Cash'),
(1291, 3, 165, 21, 'Credit'),
(1292, 6, 148, 29, 'Cash'),
(1293, 3, 165, 15, 'Cash'),
(1294, 1, 173, 19, 'Cash'),
(1295, 6, 152, 29, 'Credit'),
(1296, 5, 123, 7, 'Cash'),
(1297, 1, 175, 21, 'Cash'),
(1298, 3, 158, 19, 'Cash'),
(1299, 6, 140, 19, 'Cash'),
(1300, 5, 129, 17, 'Cash'),
(1301, 6, 145, 18, 'Cash'),
(1303, 6, 152, 17, 'Cash'),
(1305, 1, 217, 19, 'Cash'),
(1306, 3, 208, 16, 'Credit'),
(1307, 1, 217, 30, 'Cash'),
(1308, 6, 195, 17, 'Cash'),
(1309, 3, 208, 27, 'Credit'),
(1310, 6, 197, 17, 'Credit'),
(1311, 1, 217, 29, 'Cash'),
(1312, 3, 210, 16, 'Cash'),
(1313, 5, 178, 17, 'Cash'),
(1314, 6, 200, 19, 'Cash'),
(1315, 1, 221, 19, 'Cash'),
(1316, 3, 212, 16, 'Cash'),
(1317, 1, 222, 17, 'Cash'),
(1318, 6, 202, 19, 'Cash'),
(1319, 3, 213, 15, 'Cash'),
(1320, 1, 224, 17, 'Cash'),
(1321, 5, 180, 16, 'Cash'),
(1322, 6, 205, 18, 'Credit'),
(1323, 3, 215, 16, 'Credit'),
(1324, 1, 224, 20, 'Cash'),
(1325, 6, 197, 19, 'Credit'),
(1326, 3, 213, 14, 'Cash'),
(1327, 1, 222, 20, 'Credit'),
(1328, 5, 180, 17, 'Cash'),
(1329, 6, 197, 20, 'Cash'),
(1330, 3, 215, 15, 'Credit'),
(1331, 1, 222, 19, 'Cash'),
(1332, 6, 195, 19, 'Cash'),
(1333, 1, 224, 19, 'Credit'),
(1334, 3, 210, 18, 'Credit'),
(1335, 5, 180, 7, 'Cash'),
(1336, 3, 212, 19, 'Cash'),
(1337, 1, 225, 29, 'Cash'),
(1338, 6, 202, 20, 'Credit'),
(1339, 5, 186, 17, 'Cash'),
(1340, 3, 213, 19, 'Cash'),
(1341, 1, 225, 28, 'Cash'),
(1342, 6, 205, 27, 'Credit'),
(1343, 3, 215, 17, 'Cash'),
(1344, 1, 225, 18, 'Cash'),
(1345, 5, 186, 18, 'Credit'),
(1346, 6, 195, 21, 'Cash'),
(1347, 3, 208, 13, 'Cash'),
(1348, 1, 224, 22, 'Cash'),
(1349, 6, 200, 18, 'Credit'),
(1350, 5, 189, 17, 'Credit'),
(1351, 6, 202, 28, 'Cash'),
(1352, 3, 210, 24, 'Credit'),
(1353, 1, 221, 20, 'Credit'),
(1354, 6, 205, 20, 'Credit'),
(1355, 3, 212, 17, 'Credit'),
(1356, 5, 189, 7, 'Cash'),
(1357, 6, 197, 22, 'Cash'),
(1358, 6, 200, 28, 'Cash'),
(1359, 5, 180, 10, 'Credit'),
(1360, 3, 213, 16, 'Cash'),
(1361, 6, 202, 26, 'Cash'),
(1362, 3, 215, 19, 'Cash'),
(1363, 6, 195, 20, 'Cash'),
(1364, 3, 213, 18, 'Credit'),
(1365, 6, 197, 23, 'Cash'),
(1366, 5, 178, 7, 'Cash'),
(1367, 3, 215, 21, 'Cash'),
(1368, 6, 200, 21, 'Cash'),
(1369, 5, 178, 19, 'Credit'),
(1370, 3, 208, 19, 'Credit'),
(1371, 6, 202, 21, 'Credit'),
(1372, 3, 210, 19, 'Cash'),
(1373, 6, 205, 19, 'Cash'),
(1374, 5, 178, 30, 'Cash'),
(1375, 6, 197, 21, 'Credit'),
(1376, 3, 213, 20, 'Cash'),
(1377, 6, 202, 22, 'Cash'),
(1378, 3, 215, 18, 'Credit'),
(1379, 6, 200, 22, 'Cash'),
(1380, 3, 208, 18, 'Cash'),
(1381, 6, 205, 21, 'Cash'),
(1383, 5, 180, 21, 'Cash'),
(1384, 6, 195, 22, 'Cash'),
(1385, 5, 178, 20, 'Cash'),
(1386, 6, 525, 18, 'Cash'),
(1387, 5, 511, 19, 'Cash'),
(1388, 6, 526, 18, 'Credit'),
(1389, 5, 511, 7, 'Credit'),
(1390, 6, 527, 19, 'Cash'),
(1391, 3, 546, 16, 'Cash'),
(1392, 5, 511, 17, 'Cash'),
(1393, 3, 546, 18, 'Credit'),
(1394, 6, 530, 18, 'Cash'),
(1395, 3, 546, 19, 'Cash'),
(1396, 6, 545, 17, 'Cash'),
(1397, 5, 511, 10, 'Credit'),
(1398, 3, 550, 17, 'Cash'),
(1399, 1, 221, 21, 'Cash'),
(1400, 5, 514, 17, 'Cash'),
(1401, 6, 527, 18, 'Credit'),
(1402, 3, 550, 18, 'Credit'),
(1403, 1, 563, 18, 'Credit'),
(1404, 3, 550, 16, 'Credit'),
(1405, 1, 564, 18, 'Cash'),
(1406, 6, 527, 17, 'Cash'),
(1407, 5, 514, 7, 'Credit'),
(1408, 3, 552, 17, 'Cash'),
(1409, 6, 526, 19, 'Cash'),
(1410, 1, 560, 19, 'Cash'),
(1411, 3, 552, 18, 'Credit'),
(1412, 5, 519, 17, 'Cash'),
(1413, 6, 527, 21, 'Cash'),
(1414, 1, 561, 19, 'Credit'),
(1415, 3, 552, 19, 'Credit'),
(1416, 1, 563, 27, 'Cash'),
(1417, 3, 555, 16, 'Credit'),
(1418, 6, 530, 17, 'Credit'),
(1419, 5, 519, 7, 'Cash'),
(1420, 3, 556, 18, 'Cash'),
(1421, 6, 545, 20, 'Credit'),
(1422, 1, 564, 29, 'Cash'),
(1423, 5, 521, 17, 'Credit'),
(1424, 3, 552, 20, 'Cash'),
(1425, 1, 565, 18, 'Cash'),
(1426, 6, 526, 17, 'Cash'),
(1427, 5, 524, 17, 'Cash'),
(1428, 1, 564, 20, 'Cash'),
(1429, 3, 555, 27, 'Credit'),
(1430, 6, 527, 20, 'Cash'),
(1431, 1, 563, 20, 'Cash'),
(1432, 3, 552, 21, 'Cash'),
(1433, 1, 561, 18, 'Cash'),
(1434, 5, 524, 7, 'Credit'),
(1435, 3, 550, 20, 'Cash'),
(1436, 6, 530, 20, 'Cash'),
(1437, 3, 546, 20, 'Credit'),
(1438, 5, 524, 10, 'Cash'),
(1439, 6, 525, 19, 'Credit'),
(1440, 3, 555, 15, 'Credit'),
(1441, 3, 552, 22, 'Credit'),
(1442, 6, 545, 29, 'Cash'),
(1443, 5, 519, 10, 'Credit'),
(1444, 3, 556, 14, 'Cash'),
(1445, 5, 514, 20, 'Cash'),
(1446, 6, 527, 22, 'Cash'),
(1448, 6, 525, 20, 'Credit'),
(1449, 3, 552, 23, 'Credit'),
(1450, 5, 511, 20, 'Cash'),
(1451, 3, 555, 18, 'Cash'),
(1452, 5, 511, 8, 'Cash'),
(1453, 6, 530, 16, 'Cash'),
(1454, 3, 556, 16, 'Credit'),
(1455, 3, 546, 21, 'Cash'),
(1456, 6, 525, 27, 'Cash'),
(1457, 6, 527, 23, 'Cash'),
(1458, 5, 524, 20, 'Cash'),
(1459, 5, 604, 19, 'Cash'),
(1460, 6, 619, 19, 'Cash'),
(1461, 3, 630, 15, 'Cash'),
(1462, 6, 621, 19, 'Credit'),
(1463, 5, 608, 29, 'Cash'),
(1464, 3, 642, 15, 'Credit'),
(1465, 6, 622, 19, 'Cash'),
(1466, 5, 608, 17, 'Credit'),
(1467, 3, 644, 18, 'Credit'),
(1468, 3, 645, 17, 'Cash'),
(1469, 6, 624, 28, 'Credit'),
(1470, 5, 611, 15, 'Cash'),
(1471, 3, 647, 16, 'Credit'),
(1472, 5, 613, 17, 'Cash'),
(1473, 3, 630, 18, 'Cash'),
(1474, 6, 626, 28, 'Credit'),
(1475, 3, 642, 19, 'Cash'),
(1476, 5, 611, 17, 'Cash'),
(1477, 6, 622, 17, 'Cash'),
(1478, 3, 644, 15, 'Cash'),
(1479, 5, 604, 17, 'Credit'),
(1480, 6, 624, 17, 'Cash'),
(1481, 5, 604, 7, 'Cash'),
(1482, 3, 645, 18, 'Cash'),
(1483, 1, 665, 18, 'Cash'),
(1484, 6, 626, 17, 'Cash'),
(1485, 3, 647, 17, 'Cash'),
(1486, 6, 619, 18, 'Cash'),
(1487, 3, 630, 19, 'Cash'),
(1488, 5, 615, 17, 'Cash'),
(1489, 6, 621, 20, 'Cash'),
(1490, 3, 642, 20, 'Cash'),
(1491, 6, 622, 28, 'Credit'),
(1492, 3, 644, 19, 'Credit'),
(1493, 5, 615, 7, 'Cash'),
(1494, 6, 624, 27, 'Cash'),
(1495, 3, 645, 15, 'Credit'),
(1496, 5, 613, 7, 'Cash'),
(1497, 6, 626, 26, 'Credit'),
(1499, 5, 611, 10, 'Cash'),
(1500, 3, 630, 21, 'Cash'),
(1501, 3, 642, 21, 'Cash'),
(1502, 5, 608, 7, 'Cash'),
(1503, 3, 644, 17, 'Cash'),
(1504, 5, 604, 22, 'Cash'),
(1505, 3, 645, 22, 'Credit'),
(1506, 5, 611, 7, 'Cash'),
(1507, 1, 665, 20, 'Cash'),
(1508, 6, 624, 25, 'Cash'),
(1509, 1, 671, 19, 'Cash'),
(1510, 6, 626, 19, 'Cash'),
(1511, 1, 671, 20, 'Cash'),
(1512, 1, 671, 21, 'Cash'),
(1513, 6, 621, 18, 'Cash'),
(1514, 1, 673, 19, 'Cash'),
(1515, 6, 622, 21, 'Cash'),
(1516, 6, 619, 21, 'Cash'),
(1517, 1, 673, 18, 'Cash'),
(1518, 6, 622, 22, 'Cash'),
(1519, 1, 728, 19, 'Cash'),
(1520, 1, 728, 20, 'Cash'),
(1521, 3, 720, 18, 'Cash'),
(1522, 1, 729, 19, 'Cash'),
(1523, 5, 688, 17, 'Cash'),
(1524, 3, 720, 17, 'Cash'),
(1525, 1, 730, 19, 'Cash'),
(1526, 1, 730, 20, 'Cash'),
(1527, 3, 722, 18, 'Credit'),
(1528, 5, 688, 7, 'Credit'),
(1529, 1, 731, 19, 'Cash'),
(1530, 3, 724, 17, 'Cash'),
(1531, 1, 732, 19, 'Cash'),
(1532, 5, 688, 19, 'Cash'),
(1533, 3, 726, 17, 'Cash'),
(1534, 1, 732, 29, 'Cash'),
(1535, 5, 691, 17, 'Cash'),
(1536, 1, 731, 20, 'Cash'),
(1537, 3, 727, 15, 'Credit'),
(1538, 1, 732, 10, 'Credit'),
(1539, 5, 691, 7, 'Cash'),
(1540, 3, 724, 18, 'Cash'),
(1541, 1, 730, 21, 'Cash'),
(1542, 3, 726, 18, 'Cash'),
(1543, 5, 693, 17, 'Cash'),
(1544, 1, 729, 20, 'Cash'),
(1545, 3, 727, 28, 'Credit'),
(1546, 5, 693, 7, 'Cash'),
(1547, 3, 720, 16, 'Cash'),
(1548, 6, 702, 18, 'Credit'),
(1549, 5, 694, 7, 'Cash'),
(1550, 6, 705, 19, 'Credit'),
(1551, 1, 728, 22, 'Cash'),
(1552, 3, 722, 13, 'Cash'),
(1553, 5, 694, 17, 'Credit'),
(1554, 1, 729, 21, 'Cash'),
(1555, 6, 717, 18, 'Credit'),
(1556, 1, 730, 22, 'Cash'),
(1557, 3, 724, 15, 'Credit'),
(1558, 5, 694, 10, 'Cash'),
(1559, 1, 731, 21, 'Cash'),
(1560, 6, 702, 27, 'Cash'),
(1561, 5, 697, 7, 'Cash'),
(1562, 3, 726, 19, 'Cash'),
(1563, 1, 732, 28, 'Cash'),
(1564, 6, 705, 17, 'Cash'),
(1565, 3, 727, 17, 'Credit'),
(1566, 5, 697, 20, 'Credit'),
(1567, 6, 713, 28, 'Credit'),
(1568, 1, 728, 30, 'Cash'),
(1569, 3, 726, 16, 'Cash'),
(1570, 1, 730, 23, 'Cash'),
(1571, 5, 697, 27, 'Cash'),
(1572, 6, 717, 27, 'Cash'),
(1573, 1, 731, 29, 'Cash'),
(1574, 6, 700, 17, 'Credit'),
(1575, 3, 727, 19, 'Credit'),
(1576, 5, 697, 17, 'Cash'),
(1577, 1, 732, 27, 'Cash'),
(1578, 3, 726, 22, 'Credit'),
(1579, 5, 691, 10, 'Cash'),
(1580, 6, 702, 28, 'Cash'),
(1581, 3, 726, 20, 'Credit'),
(1582, 1, 731, 30, 'Cash'),
(1583, 5, 688, 10, 'Credit'),
(1584, 3, 727, 18, 'Credit'),
(1585, 6, 705, 27, 'Cash'),
(1586, 5, 693, 10, 'Cash'),
(1587, 6, 713, 26, 'Credit'),
(1588, 3, 720, 20, 'Cash'),
(1589, 1, 728, 21, 'Cash'),
(1590, 6, 717, 25, 'Cash'),
(1591, 3, 722, 21, 'Cash'),
(1592, 5, 694, 11, 'Cash'),
(1593, 6, 705, 24, 'Credit'),
(1594, 3, 724, 23, 'Cash'),
(1595, 6, 700, 19, 'Cash'),
(1596, 1, 375, 19, 'Cash'),
(1597, 3, 361, 17, 'Cash'),
(1598, 1, 375, 20, 'Cash'),
(1599, 5, 333, 7, 'Cash'),
(1600, 3, 364, 16, 'Credit'),
(1601, 6, 348, 18, 'Cash'),
(1602, 1, 375, 21, 'Cash'),
(1603, 5, 333, 17, 'Cash'),
(1604, 3, 367, 16, 'Credit'),
(1605, 1, 381, 30, 'Cash'),
(1606, 6, 350, 17, 'Cash'),
(1607, 5, 333, 10, 'Credit'),
(1608, 1, 383, 29, 'Cash'),
(1609, 3, 369, 17, 'Credit'),
(1610, 1, 383, 16, 'Cash'),
(1611, 6, 351, 26, 'Cash'),
(1612, 3, 371, 16, 'Cash'),
(1613, 5, 338, 7, 'Cash'),
(1614, 1, 383, 19, 'Cash'),
(1615, 6, 355, 28, 'Credit'),
(1616, 3, 371, 18, 'Cash'),
(1617, 5, 338, 17, 'Cash'),
(1618, 1, 383, 27, 'Credit'),
(1619, 6, 357, 18, 'Cash'),
(1620, 5, 338, 10, 'Cash'),
(1621, 1, 383, 20, 'Cash'),
(1622, 3, 369, 15, 'Cash'),
(1623, 1, 384, 18, 'Cash'),
(1624, 5, 338, 29, 'Credit'),
(1625, 3, 367, 18, 'Cash'),
(1626, 6, 350, 28, 'Cash'),
(1627, 1, 384, 19, 'Cash'),
(1628, 6, 351, 27, 'Cash'),
(1629, 5, 340, 7, 'Cash'),
(1630, 1, 387, 29, 'Cash'),
(1631, 3, 367, 11, 'Cash'),
(1632, 5, 340, 17, 'Cash'),
(1633, 6, 355, 29, 'Cash'),
(1634, 1, 387, 30, 'Cash'),
(1635, 5, 343, 17, 'Cash'),
(1636, 1, 387, 26, 'Cash'),
(1637, 6, 357, 16, 'Cash'),
(1638, 3, 369, 10, 'Cash'),
(1639, 5, 343, 7, 'Cash'),
(1640, 6, 350, 19, 'Cash'),
(1641, 1, 387, 18, 'Cash'),
(1642, 3, 369, 11, 'Cash'),
(1643, 3, 361, 19, 'Cash'),
(1644, 1, 387, 28, 'Cash'),
(1645, 5, 343, 11, 'Cash'),
(1646, 6, 348, 28, 'Cash'),
(1647, 1, 384, 20, 'Cash'),
(1648, 3, 364, 10, 'Cash'),
(1649, 5, 345, 7, 'Cash'),
(1650, 1, 383, 21, 'Cash'),
(1651, 6, 351, 25, 'Cash'),
(1652, 3, 367, 10, 'Cash'),
(1653, 5, 345, 17, 'Credit'),
(1654, 1, 381, 19, 'Cash'),
(1655, 3, 369, 12, 'Cash'),
(1656, 5, 345, 10, 'Cash'),
(1657, 6, 355, 24, 'Credit'),
(1658, 1, 381, 29, 'Cash'),
(1659, 6, 350, 18, 'Cash'),
(1660, 1, 381, 28, 'Cash'),
(1661, 5, 345, 11, 'Cash'),
(1662, 1, 381, 27, 'Cash'),
(1663, 6, 357, 29, 'Credit'),
(1664, 1, 381, 26, 'Cash'),
(1665, 5, 338, 28, 'Cash'),
(1666, 3, 369, 13, 'Cash'),
(1667, 6, 351, 28, 'Credit'),
(1668, 5, 333, 21, 'Cash'),
(1669, 1, 381, 20, 'Cash'),
(1670, 3, 371, 10, 'Cash'),
(1671, 6, 355, 25, 'Cash'),
(1672, 5, 333, 29, 'Cash'),
(1673, 3, 361, 10, 'Cash'),
(1674, 6, 357, 26, 'Cash'),
(1675, 3, 364, 11, 'Cash'),
(1676, 6, 351, 17, 'Cash'),
(1677, 1, 381, 21, 'Cash'),
(1678, 6, 355, 22, 'Cash'),
(1679, 5, 340, 27, 'Cash'),
(1680, 1, 383, 23, 'Cash'),
(1681, 3, 367, 12, 'Cash'),
(1682, 1, 375, 22, 'Cash'),
(1683, 1, 477, 19, 'Cash'),
(1684, 3, 447, 17, 'Cash'),
(1685, 1, 479, 18, 'Cash'),
(1686, 5, 417, 17, 'Credit'),
(1687, 1, 479, 19, 'Credit'),
(1688, 3, 449, 16, 'Cash'),
(1689, 1, 480, 19, 'Cash'),
(1690, 5, 417, 7, 'Cash'),
(1691, 3, 463, 12, 'Cash'),
(1692, 1, 480, 20, 'Cash'),
(1693, 5, 432, 19, 'Cash'),
(1694, 3, 465, 12, 'Cash'),
(1695, 1, 480, 18, 'Cash'),
(1696, 3, 471, 15, 'Cash'),
(1697, 5, 432, 18, 'Credit'),
(1698, 1, 480, 21, 'Cash'),
(1699, 1, 482, 18, 'Cash'),
(1700, 3, 447, 11, 'Cash'),
(1701, 5, 434, 17, 'Cash'),
(1702, 1, 482, 20, 'Cash'),
(1703, 5, 434, 29, 'Cash'),
(1704, 1, 479, 21, 'Cash'),
(1705, 3, 449, 12, 'Cash'),
(1706, 5, 436, 17, 'Cash'),
(1707, 3, 463, 16, 'Cash'),
(1708, 6, 438, 19, 'Credit'),
(1709, 5, 436, 18, 'Cash'),
(1710, 3, 465, 10, 'Cash'),
(1711, 5, 436, 21, 'Cash'),
(1712, 3, 471, 10, 'Cash'),
(1713, 6, 439, 25, 'Cash'),
(1714, 5, 437, 17, 'Cash'),
(1715, 6, 441, 18, 'Cash'),
(1716, 5, 437, 7, 'Credit'),
(1717, 6, 440, 27, 'Cash'),
(1718, 5, 437, 18, 'Cash'),
(1719, 6, 443, 23, 'Credit'),
(1720, 3, 447, 18, 'Cash'),
(1721, 6, 439, 18, 'Credit'),
(1722, 5, 417, 10, 'Cash'),
(1723, 3, 449, 19, 'Cash'),
(1724, 6, 441, 17, 'Cash'),
(1725, 5, 436, 7, 'Cash'),
(1726, 6, 439, 29, 'Cash'),
(1727, 5, 434, 7, 'Cash'),
(1728, 6, 438, 27, 'Credit'),
(1729, 6, 440, 16, 'Cash'),
(1730, 5, 437, 10, 'Cash'),
(1732, 3, 463, 19, 'Cash'),
(1733, 6, 441, 16, 'Cash'),
(1734, 1, 480, 23, 'Credit'),
(1735, 5, 437, 11, 'Cash'),
(1736, 1, 482, 14, 'Credit'),
(1737, 1, 479, 22, 'Credit'),
(1738, 6, 443, 18, 'Cash'),
(1739, 5, 417, 29, 'Cash'),
(1740, 6, 440, 18, 'Cash'),
(1741, 1, 480, 22, 'Cash'),
(1742, 5, 432, 21, 'Cash'),
(1743, 1, 482, 22, 'Cash'),
(1744, 1, 482, 29, 'Cash'),
(1745, 1, 176, 18, 'Credit'),
(1746, 1, 179, 19, 'Cash'),
(1747, 6, 127, 17, 'Cash'),
(1748, 1, 179, 20, 'Cash'),
(1749, 6, 131, 17, 'Cash'),
(1750, 1, 182, 19, 'Cash'),
(1751, 5, 111, 17, 'Cash'),
(1752, 3, 154, 11, 'Cash'),
(1753, 1, 184, 19, 'Cash'),
(1754, 6, 139, 18, 'Credit'),
(1755, 5, 111, 7, 'Credit'),
(1756, 3, 164, 18, 'Credit'),
(1757, 1, 184, 18, 'Cash'),
(1758, 6, 141, 28, 'Cash'),
(1759, 3, 170, 15, 'Cash'),
(1760, 5, 111, 10, 'Cash'),
(1761, 3, 193, 27, 'Cash'),
(1762, 1, 184, 21, 'Cash'),
(1763, 6, 147, 17, 'Credit'),
(1764, 1, 187, 19, 'Cash'),
(1765, 3, 172, 16, 'Cash'),
(1766, 5, 113, 17, 'Cash'),
(1767, 1, 187, 18, 'Cash'),
(1768, 3, 154, 17, 'Cash'),
(1769, 6, 127, 28, 'Cash'),
(1770, 1, 187, 13, 'Cash'),
(1771, 5, 113, 10, 'Credit'),
(1772, 3, 164, 17, 'Cash'),
(1773, 6, 131, 19, 'Credit'),
(1774, 1, 187, 22, 'Cash'),
(1775, 3, 170, 17, 'Cash'),
(1776, 5, 113, 11, 'Cash'),
(1777, 6, 139, 10, 'Cash'),
(1778, 3, 193, 17, 'Cash'),
(1779, 6, 141, 13, 'Credit'),
(1780, 5, 113, 7, 'Cash'),
(1781, 3, 172, 17, 'Cash'),
(1782, 1, 182, 18, 'Cash'),
(1783, 5, 116, 17, 'Cash'),
(1784, 3, 154, 15, 'Cash'),
(1785, 6, 147, 15, 'Cash'),
(1786, 1, 184, 17, 'Cash'),
(1787, 3, 164, 15, 'Cash'),
(1788, 5, 116, 7, 'Credit'),
(1789, 6, 131, 18, 'Cash'),
(1790, 1, 187, 20, 'Cash'),
(1791, 1, 184, 23, 'Cash'),
(1792, 3, 170, 16, 'Cash'),
(1793, 6, 139, 15, 'Cash'),
(1794, 1, 182, 21, 'Credit'),
(1795, 3, 193, 19, 'Cash'),
(1796, 5, 119, 17, 'Cash'),
(1797, 1, 182, 22, 'Cash'),
(1798, 6, 141, 27, 'Cash'),
(1799, 3, 172, 15, 'Cash'),
(1800, 1, 179, 21, 'Cash'),
(1801, 3, 154, 19, 'Cash'),
(1802, 5, 119, 28, 'Cash'),
(1803, 6, 147, 19, 'Cash'),
(1804, 6, 127, 16, 'Credit'),
(1805, 5, 122, 7, 'Cash'),
(1806, 1, 176, 19, 'Credit'),
(1807, 5, 122, 17, 'Cash'),
(1808, 1, 252, 19, 'Cash'),
(1809, 1, 252, 18, 'Credit'),
(1810, 1, 255, 19, 'Credit'),
(1811, 1, 260, 19, 'Credit'),
(1812, 6, 223, 17, 'Cash'),
(1813, 5, 198, 7, 'Cash'),
(1814, 1, 268, 17, 'Credit'),
(1815, 1, 268, 29, 'Credit'),
(1816, 6, 234, 16, 'Cash'),
(1817, 5, 198, 17, 'Cash'),
(1818, 1, 263, 17, 'Credit'),
(1819, 1, 268, 20, 'Credit'),
(1820, 6, 237, 12, 'Credit'),
(1821, 5, 203, 17, 'Cash'),
(1822, 3, 243, 18, 'Cash'),
(1823, 1, 260, 18, 'Credit'),
(1824, 6, 240, 11, 'Cash'),
(1825, 1, 255, 20, 'Credit'),
(1826, 5, 206, 16, 'Cash'),
(1827, 3, 226, 17, 'Cash'),
(1828, 6, 241, 11, 'Cash'),
(1829, 1, 260, 21, 'Credit'),
(1830, 5, 218, 17, 'Credit'),
(1831, 1, 268, 21, 'Cash'),
(1832, 6, 241, 12, 'Cash'),
(1833, 3, 244, 16, 'Cash'),
(1834, 5, 220, 7, 'Cash'),
(1836, 3, 247, 28, 'Cash'),
(1838, 3, 243, 17, 'Cash'),
(1839, 6, 240, 28, 'Cash'),
(1841, 5, 220, 17, 'Cash'),
(1842, 6, 237, 28, 'Cash'),
(1843, 1, 268, 19, 'Cash'),
(1844, 3, 226, 18, 'Cash'),
(1845, 5, 218, 7, 'Cash'),
(1846, 1, 263, 16, 'Cash'),
(1847, 6, 234, 28, 'Cash'),
(1848, 1, 268, 23, 'Credit'),
(1849, 5, 198, 28, 'Cash'),
(1850, 6, 223, 13, 'Credit'),
(1851, 3, 228, 15, 'Cash'),
(1852, 1, 268, 24, 'Cash'),
(1853, 6, 234, 15, 'Cash'),
(1854, 1, 263, 21, 'Cash'),
(1855, 3, 244, 19, 'Credit'),
(1856, 5, 203, 6, 'Cash'),
(1857, 6, 237, 15, 'Cash'),
(1858, 1, 260, 20, 'Cash'),
(1859, 3, 247, 18, 'Credit'),
(1860, 1, 255, 21, 'Cash'),
(1861, 5, 206, 7, 'Cash'),
(1862, 6, 240, 23, 'Cash'),
(1863, 1, 252, 21, 'Cash'),
(1864, 6, 241, 19, 'Cash'),
(1865, 5, 218, 15, 'Cash'),
(1866, 3, 243, 21, 'Cash'),
(1867, 1, 323, 19, 'Cash'),
(1868, 1, 323, 18, 'Cash'),
(1869, 1, 327, 19, 'Cash'),
(1870, 1, 327, 30, 'Cash'),
(1871, 1, 327, 20, 'Cash'),
(1872, 5, 272, 15, 'Cash'),
(1873, 1, 329, 19, 'Credit'),
(1874, 5, 272, 17, 'Cash'),
(1875, 1, 332, 18, 'Cash'),
(1876, 5, 272, 7, 'Cash'),
(1877, 1, 337, 30, 'Cash'),
(1878, 1, 337, 17, 'Cash'),
(1879, 5, 276, 7, 'Cash'),
(1880, 1, 329, 30, 'Cash'),
(1881, 5, 276, 17, 'Cash'),
(1882, 1, 332, 19, 'Cash'),
(1883, 5, 276, 10, 'Cash'),
(1884, 1, 327, 21, 'Cash'),
(1885, 5, 276, 21, 'Credit'),
(1886, 6, 281, 13, 'Cash'),
(1887, 1, 327, 28, 'Cash'),
(1888, 5, 277, 17, 'Cash'),
(1889, 6, 284, 15, 'Cash'),
(1890, 1, 337, 19, 'Cash'),
(1891, 6, 290, 10, 'Cash'),
(1892, 5, 277, 7, 'Cash'),
(1893, 1, 337, 21, 'Cash'),
(1894, 3, 307, 17, 'Cash'),
(1895, 1, 332, 20, 'Cash'),
(1896, 6, 294, 8, 'Cash'),
(1897, 5, 279, 7, 'Cash'),
(1898, 3, 303, 16, 'Cash'),
(1899, 6, 299, 26, 'Cash'),
(1900, 5, 280, 17, 'Cash'),
(1901, 3, 307, 20, 'Cash'),
(1902, 6, 294, 17, 'Cash'),
(1903, 3, 314, 26, 'Cash'),
(1904, 6, 284, 19, 'Credit'),
(1905, 3, 316, 16, 'Cash'),
(1906, 5, 279, 17, 'Cash'),
(1907, 6, 281, 20, 'Credit'),
(1908, 3, 303, 12, 'Cash'),
(1909, 5, 277, 20, 'Cash'),
(1910, 6, 290, 19, 'Credit'),
(1911, 3, 307, 16, 'Cash'),
(1912, 3, 311, 15, 'Cash'),
(1913, 6, 299, 16, 'Credit'),
(1914, 3, 316, 19, 'Cash'),
(1915, 5, 276, 13, 'Cash'),
(1916, 3, 314, 18, 'Cash'),
(1917, 5, 272, 21, 'Cash'),
(1918, 1, 419, 19, 'Cash'),
(1919, 1, 421, 17, 'Credit'),
(1920, 6, 376, 18, 'Credit'),
(1921, 3, 399, 19, 'Cash'),
(1922, 1, 422, 18, 'Credit'),
(1923, 1, 422, 19, 'Credit'),
(1924, 6, 372, 18, 'Cash'),
(1925, 5, 347, 17, 'Cash'),
(1926, 3, 401, 16, 'Cash'),
(1927, 1, 423, 16, 'Credit'),
(1928, 1, 423, 18, 'Credit'),
(1929, 6, 386, 15, 'Cash'),
(1930, 3, 409, 17, 'Cash'),
(1931, 1, 425, 18, 'Credit'),
(1932, 5, 347, 7, 'Cash'),
(1933, 3, 410, 16, 'Cash'),
(1934, 6, 390, 14, 'Cash'),
(1935, 1, 423, 19, 'Cash'),
(1936, 5, 347, 19, 'Cash'),
(1937, 3, 412, 15, 'Credit'),
(1938, 1, 425, 20, 'Cash'),
(1939, 6, 395, 27, 'Cash'),
(1940, 5, 349, 17, 'Cash'),
(1941, 3, 399, 18, 'Cash'),
(1942, 1, 421, 20, 'Credit'),
(1943, 6, 376, 16, 'Cash'),
(1944, 3, 401, 18, 'Credit'),
(1945, 1, 421, 29, 'Credit'),
(1946, 3, 409, 16, 'Cash'),
(1947, 6, 386, 26, 'Cash'),
(1948, 1, 419, 20, 'Cash'),
(1949, 5, 349, 20, 'Cash'),
(1950, 6, 390, 28, 'Cash'),
(1952, 3, 410, 27, 'Credit'),
(1953, 1, 422, 21, 'Credit'),
(1954, 5, 358, 17, 'Cash'),
(1955, 6, 376, 20, 'Cash'),
(1956, 1, 423, 22, 'Cash'),
(1957, 5, 358, 7, 'Cash'),
(1958, 3, 412, 16, 'Cash'),
(1959, 6, 372, 24, 'Cash'),
(1960, 1, 423, 30, 'Credit'),
(1961, 6, 386, 19, 'Credit'),
(1962, 3, 399, 16, 'Cash'),
(1963, 5, 363, 17, 'Cash'),
(1964, 1, 425, 30, 'Cash'),
(1965, 6, 390, 27, 'Cash'),
(1966, 3, 401, 21, 'Cash'),
(1967, 1, 425, 29, 'Cash'),
(1968, 5, 363, 7, 'Cash'),
(1969, 6, 395, 28, 'Cash'),
(1970, 1, 425, 27, 'Cash'),
(1971, 5, 363, 19, 'Cash'),
(1972, 6, 395, 22, 'Cash'),
(1973, 1, 425, 28, 'Cash'),
(1974, 3, 409, 18, 'Cash'),
(1975, 1, 422, 22, 'Credit'),
(1976, 6, 386, 25, 'Cash');
INSERT INTO `tblPemesanan` (`kode_pemesanan`, `kode_pelanggan`, `kode_tayangan`, `seat`, `pembayaran`) VALUES
(1977, 5, 366, 17, 'Credit'),
(1978, 1, 423, 25, 'Credit'),
(1979, 1, 421, 21, 'Credit'),
(1980, 6, 376, 28, 'Cash'),
(1981, 1, 421, 28, 'Credit'),
(1982, 5, 366, 7, 'Cash'),
(1983, 1, 422, 25, 'Cash'),
(1984, 5, 358, 20, 'Cash'),
(1985, 1, 589, 19, 'Cash'),
(1986, 1, 589, 15, 'Credit'),
(1987, 6, 522, 18, 'Credit'),
(1988, 1, 591, 13, 'Credit'),
(1989, 5, 454, 17, 'Cash'),
(1990, 6, 531, 13, 'Cash'),
(1991, 1, 591, 12, 'Cash'),
(1992, 1, 598, 16, 'Cash'),
(1993, 5, 456, 17, 'Cash'),
(1994, 6, 566, 15, 'Cash'),
(1995, 1, 598, 19, 'Credit'),
(1996, 6, 553, 27, 'Cash'),
(1997, 5, 468, 7, 'Cash'),
(1998, 1, 602, 17, 'Cash'),
(1999, 3, 569, 18, 'Cash'),
(2000, 1, 602, 20, 'Cash'),
(2001, 5, 509, 17, 'Credit'),
(2002, 1, 602, 21, 'Cash'),
(2003, 3, 577, 16, 'Cash'),
(2004, 6, 558, 28, 'Cash'),
(2005, 1, 605, 19, 'Cash'),
(2006, 5, 515, 17, 'Credit'),
(2007, 3, 583, 18, 'Credit'),
(2008, 6, 522, 17, 'Cash'),
(2009, 1, 605, 30, 'Cash'),
(2010, 5, 454, 7, 'Cash'),
(2011, 3, 585, 16, 'Cash'),
(2012, 6, 531, 18, 'Credit'),
(2013, 1, 605, 20, 'Cash'),
(2014, 3, 587, 17, 'Credit'),
(2015, 5, 456, 7, 'Cash'),
(2016, 6, 566, 28, 'Cash'),
(2017, 1, 605, 29, 'Cash'),
(2018, 3, 569, 17, 'Cash'),
(2019, 1, 605, 21, 'Cash'),
(2020, 5, 468, 17, 'Cash'),
(2021, 3, 577, 18, 'Credit'),
(2022, 1, 602, 22, 'Cash'),
(2023, 6, 553, 29, 'Cash'),
(2024, 3, 583, 15, 'Cash'),
(2025, 5, 509, 7, 'Cash'),
(2026, 6, 558, 29, 'Cash'),
(2027, 1, 598, 21, 'Cash'),
(2028, 3, 585, 15, 'Cash'),
(2029, 1, 591, 20, 'Cash'),
(2030, 5, 515, 10, 'Cash'),
(2031, 3, 587, 16, 'Credit'),
(2032, 1, 589, 21, 'Cash'),
(2033, 6, 558, 27, 'Cash'),
(2034, 3, 569, 15, 'Cash'),
(2035, 5, 454, 21, 'Cash'),
(2036, 6, 566, 26, 'Cash'),
(2037, 5, 454, 10, 'Credit'),
(2038, 3, 577, 20, 'Credit'),
(2039, 1, 699, 19, 'Cash'),
(2040, 6, 650, 14, 'Cash'),
(2041, 3, 669, 16, 'Cash'),
(2042, 1, 699, 16, 'Credit'),
(2043, 3, 680, 16, 'Cash'),
(2044, 1, 704, 19, 'Cash'),
(2045, 6, 655, 17, 'Cash'),
(2046, 5, 612, 18, 'Cash'),
(2047, 3, 681, 17, 'Cash'),
(2048, 1, 704, 30, 'Cash'),
(2049, 3, 685, 17, 'Cash'),
(2050, 5, 612, 7, 'Cash'),
(2051, 6, 657, 28, 'Cash'),
(2052, 1, 707, 19, 'Cash'),
(2053, 3, 696, 18, 'Cash'),
(2054, 5, 612, 17, 'Cash'),
(2055, 6, 660, 24, 'Credit'),
(2056, 1, 707, 20, 'Cash'),
(2057, 3, 680, 20, 'Cash'),
(2058, 5, 614, 18, 'Cash'),
(2059, 3, 681, 18, 'Cash'),
(2060, 1, 704, 20, 'Cash'),
(2061, 6, 664, 26, 'Cash'),
(2062, 5, 614, 11, 'Cash'),
(2063, 1, 707, 21, 'Cash'),
(2064, 3, 669, 19, 'Cash'),
(2065, 1, 711, 19, 'Cash'),
(2066, 6, 657, 26, 'Cash'),
(2067, 5, 623, 16, 'Cash'),
(2068, 1, 711, 18, 'Credit'),
(2069, 3, 680, 29, 'Cash'),
(2070, 6, 660, 28, 'Cash'),
(2071, 1, 711, 28, 'Credit'),
(2072, 5, 623, 20, 'Cash'),
(2073, 3, 685, 15, 'Cash'),
(2074, 1, 715, 28, 'Cash'),
(2075, 3, 681, 19, 'Cash'),
(2076, 6, 664, 24, 'Cash'),
(2077, 5, 628, 17, 'Cash'),
(2078, 1, 715, 19, 'Cash'),
(2079, 6, 655, 18, 'Credit'),
(2080, 3, 685, 18, 'Cash'),
(2081, 1, 715, 20, 'Cash'),
(2082, 5, 634, 16, 'Cash'),
(2083, 6, 655, 21, 'Cash'),
(2084, 3, 680, 21, 'Cash'),
(2085, 1, 715, 29, 'Cash'),
(2086, 3, 696, 14, 'Cash'),
(2087, 6, 657, 23, 'Cash'),
(2088, 5, 634, 19, 'Cash'),
(2089, 1, 711, 21, 'Cash'),
(2090, 3, 669, 18, 'Cash'),
(2091, 1, 707, 22, 'Cash'),
(2092, 6, 660, 29, 'Cash'),
(2093, 1, 704, 21, 'Cash'),
(2094, 5, 614, 20, 'Cash'),
(2095, 3, 680, 18, 'Cash'),
(2096, 6, 664, 30, 'Cash'),
(2097, 1, 699, 21, 'Cash'),
(2098, 5, 612, 21, 'Cash'),
(2099, 3, 681, 21, 'Cash'),
(2100, 6, 655, 15, 'Credit'),
(2101, 3, 685, 21, 'Cash'),
(2102, 5, 623, 19, 'Cash'),
(2103, 3, 696, 28, 'Cash'),
(2104, 5, 628, 20, 'Cash'),
(2105, 1, 51, 19, 'Cash'),
(2106, 1, 51, 20, 'Cash'),
(2107, 3, 49, 18, 'Cash'),
(2108, 1, 51, 21, 'Cash'),
(2109, 1, 51, 22, 'Cash'),
(2110, 3, 287, 13, 'Cash'),
(2111, 6, 48, 16, 'Cash'),
(2112, 1, 321, 19, 'Credit'),
(2113, 5, 306, 18, 'Cash'),
(2114, 3, 49, 17, 'Cash'),
(2115, 6, 320, 16, 'Credit'),
(2116, 1, 321, 20, 'Cash'),
(2117, 5, 306, 7, 'Cash'),
(2118, 3, 287, 18, 'Cash'),
(2119, 1, 321, 21, 'Cash'),
(2120, 5, 306, 17, 'Cash'),
(2121, 6, 48, 27, 'Cash'),
(2122, 1, 321, 18, 'Cash'),
(2123, 3, 49, 19, 'Cash'),
(2124, 1, 321, 23, 'Cash'),
(2125, 6, 320, 18, 'Cash'),
(2126, 5, 306, 9, 'Cash'),
(2127, 1, 321, 24, 'Cash'),
(2128, 3, 287, 17, 'Cash'),
(2129, 6, 48, 26, 'Cash'),
(2130, 1, 321, 25, 'Cash'),
(2131, 3, 49, 20, 'Cash'),
(2132, 5, 306, 10, 'Cash'),
(2133, 6, 320, 27, 'Cash'),
(2134, 1, 321, 26, 'Cash'),
(2135, 3, 287, 22, 'Cash'),
(2136, 1, 51, 23, 'Cash'),
(2137, 5, 306, 21, 'Credit'),
(2138, 6, 48, 28, 'Cash'),
(2139, 3, 49, 23, 'Cash'),
(2140, 5, 306, 20, 'Cash'),
(2141, 1, 51, 25, 'Cash'),
(2142, 6, 320, 28, 'Cash'),
(2143, 3, 287, 23, 'Cash'),
(2144, 6, 48, 29, 'Credit'),
(2145, 5, 306, 23, 'Cash'),
(2147, 3, 287, 19, 'Cash'),
(2148, 5, 306, 27, 'Cash'),
(2149, 6, 320, 26, 'Credit'),
(2150, 3, 49, 21, 'Credit'),
(2151, 6, 48, 17, 'Credit'),
(2152, 5, 306, 26, 'Cash'),
(2153, 3, 287, 21, 'Credit'),
(2154, 3, 49, 25, 'Credit'),
(2155, 6, 320, 25, 'Cash'),
(2156, 5, 306, 30, 'Cash'),
(2157, 3, 287, 29, 'Cash'),
(2158, 6, 48, 19, 'Credit'),
(2159, 3, 49, 24, 'Credit'),
(2160, 6, 320, 24, 'Cash'),
(2161, 3, 287, 24, 'Cash'),
(2162, 5, 306, 28, 'Cash'),
(2163, 3, 49, 27, 'Credit'),
(2164, 6, 48, 25, 'Cash'),
(2165, 5, 306, 25, 'Cash'),
(2166, 3, 287, 20, 'Cash'),
(2167, 6, 320, 29, 'Cash'),
(2168, 6, 48, 24, 'Cash'),
(2169, 3, 360, 18, 'Credit'),
(2170, 5, 403, 17, 'Cash'),
(2171, 3, 406, 17, 'Cash'),
(2172, 1, 398, 19, 'Cash'),
(2173, 3, 360, 17, 'Cash'),
(2174, 5, 403, 11, 'Cash'),
(2175, 6, 405, 16, 'Cash'),
(2176, 5, 403, 20, 'Credit'),
(2177, 3, 406, 19, 'Cash'),
(2178, 1, 398, 20, 'Cash'),
(2179, 6, 405, 17, 'Cash'),
(2180, 3, 360, 20, 'Cash'),
(2181, 1, 398, 21, 'Credit'),
(2182, 5, 403, 6, 'Cash'),
(2183, 6, 405, 28, 'Cash'),
(2184, 3, 406, 21, 'Cash'),
(2185, 1, 398, 22, 'Cash'),
(2186, 5, 403, 8, 'Cash'),
(2187, 3, 360, 19, 'Cash'),
(2188, 6, 405, 29, 'Cash'),
(2189, 1, 398, 23, 'Cash'),
(2190, 3, 406, 20, 'Cash'),
(2191, 6, 405, 26, 'Cash'),
(2192, 5, 403, 7, 'Cash'),
(2193, 3, 360, 21, 'Cash'),
(2194, 1, 398, 24, 'Cash'),
(2195, 3, 406, 18, 'Credit'),
(2196, 5, 403, 23, 'Credit'),
(2197, 6, 405, 25, 'Cash'),
(2198, 1, 398, 25, 'Cash'),
(2199, 3, 406, 22, 'Credit'),
(2200, 6, 405, 24, 'Cash'),
(2201, 1, 398, 26, 'Cash'),
(2202, 5, 403, 25, 'Cash'),
(2203, 3, 360, 23, 'Credit'),
(2204, 1, 398, 27, 'Cash'),
(2205, 5, 403, 10, 'Cash'),
(2206, 6, 405, 23, 'Credit'),
(2207, 3, 406, 24, 'Cash'),
(2208, 1, 398, 30, 'Cash'),
(2209, 6, 405, 18, 'Cash'),
(2210, 3, 360, 25, 'Cash'),
(2211, 5, 403, 21, 'Cash'),
(2212, 1, 398, 18, 'Credit'),
(2213, 3, 406, 23, 'Cash'),
(2214, 1, 398, 29, 'Cash'),
(2215, 6, 405, 27, 'Cash'),
(2216, 5, 403, 26, 'Cash'),
(2217, 1, 398, 28, 'Cash'),
(2218, 6, 405, 22, 'Cash'),
(2219, 3, 360, 24, 'Cash'),
(2220, 1, 398, 17, 'Cash'),
(2221, 5, 403, 28, 'Cash'),
(2222, 3, 406, 16, 'Cash'),
(2223, 1, 398, 16, 'Cash'),
(2224, 6, 405, 13, 'Cash'),
(2225, 3, 360, 27, 'Cash'),
(2226, 5, 403, 22, 'Cash'),
(2227, 1, 398, 2, 'Credit'),
(2228, 6, 502, 17, 'Cash'),
(2229, 3, 523, 18, 'Cash'),
(2230, 5, 510, 18, 'Cash'),
(2231, 3, 523, 19, 'Credit'),
(2232, 6, 513, 17, 'Cash'),
(2233, 3, 523, 20, 'Credit'),
(2234, 5, 510, 17, 'Cash'),
(2235, 6, 502, 12, 'Credit'),
(2236, 3, 523, 17, 'Cash'),
(2237, 1, 494, 19, 'Cash'),
(2238, 3, 523, 22, 'Cash'),
(2239, 6, 513, 16, 'Cash'),
(2240, 5, 510, 7, 'Credit'),
(2241, 1, 494, 20, 'Cash'),
(2242, 3, 523, 21, 'Credit'),
(2243, 6, 502, 16, 'Cash'),
(2244, 5, 510, 15, 'Cash'),
(2245, 3, 523, 23, 'Credit'),
(2246, 1, 494, 30, 'Credit'),
(2247, 3, 523, 24, 'Cash'),
(2248, 5, 510, 10, 'Credit'),
(2249, 3, 523, 25, 'Cash'),
(2250, 6, 513, 26, 'Cash'),
(2251, 1, 532, 20, 'Cash'),
(2252, 3, 523, 16, 'Cash'),
(2253, 1, 542, 18, 'Cash'),
(2254, 5, 510, 20, 'Cash'),
(2255, 3, 523, 26, 'Cash'),
(2256, 6, 502, 28, 'Cash'),
(2257, 1, 542, 20, 'Cash'),
(2258, 3, 523, 28, 'Cash'),
(2259, 5, 510, 13, 'Cash'),
(2260, 1, 532, 19, 'Cash'),
(2261, 6, 513, 27, 'Cash'),
(2262, 3, 523, 27, 'Credit'),
(2263, 1, 542, 29, 'Cash'),
(2264, 5, 510, 22, 'Cash'),
(2265, 3, 523, 13, 'Credit'),
(2266, 6, 502, 27, 'Cash'),
(2267, 1, 532, 18, 'Cash'),
(2268, 5, 510, 27, 'Cash'),
(2269, 3, 523, 15, 'Credit'),
(2270, 1, 494, 21, 'Cash'),
(2271, 5, 510, 11, 'Cash'),
(2272, 1, 494, 29, 'Cash'),
(2273, 6, 513, 29, 'Cash'),
(2274, 3, 523, 11, 'Cash'),
(2275, 1, 532, 21, 'Cash'),
(2276, 5, 510, 12, 'Cash'),
(2277, 6, 502, 29, 'Cash'),
(2278, 5, 510, 29, 'Cash'),
(2279, 3, 523, 14, 'Cash'),
(2280, 1, 542, 17, 'Credit'),
(2281, 1, 532, 22, 'Cash'),
(2282, 3, 523, 29, 'Cash'),
(2283, 6, 513, 28, 'Cash'),
(2284, 5, 510, 30, 'Cash'),
(2285, 1, 532, 30, 'Credit'),
(2286, 5, 510, 28, 'Credit'),
(2287, 6, 502, 26, 'Cash'),
(2288, 3, 523, 8, 'Cash'),
(2289, 1, 542, 30, 'Cash'),
(2290, 1, 532, 24, 'Credit'),
(2291, 3, 523, 10, 'Cash'),
(2292, 5, 510, 16, 'Cash'),
(2293, 6, 513, 22, 'Cash'),
(2294, 1, 494, 28, 'Cash'),
(2295, 1, 532, 25, 'Cash'),
(2296, 6, 502, 13, 'Cash'),
(2297, 5, 510, 19, 'Cash'),
(2298, 1, 542, 21, 'Cash'),
(2299, 3, 523, 1, 'Cash'),
(2300, 3, 523, 2, 'Cash'),
(2301, 1, 494, 22, 'Cash'),
(2302, 5, 510, 14, 'Cash'),
(2303, 3, 523, 5, 'Credit'),
(2304, 6, 513, 24, 'Cash'),
(2305, 3, 523, 6, 'Credit'),
(2306, 1, 532, 29, 'Cash'),
(2307, 1, 542, 22, 'Cash'),
(2308, 6, 502, 24, 'Cash'),
(2309, 1, 562, 19, 'Cash'),
(2310, 3, 594, 14, 'Cash'),
(2311, 5, 547, 17, 'Cash'),
(2312, 1, 562, 20, 'Cash'),
(2313, 3, 594, 18, 'Cash'),
(2314, 6, 603, 17, 'Credit'),
(2315, 3, 607, 20, 'Cash'),
(2316, 1, 562, 21, 'Cash'),
(2317, 5, 590, 17, 'Cash'),
(2318, 6, 603, 19, 'Cash'),
(2319, 1, 582, 18, 'Cash'),
(2320, 3, 607, 17, 'Cash'),
(2321, 1, 582, 20, 'Credit'),
(2322, 5, 596, 18, 'Cash'),
(2323, 1, 582, 28, 'Credit'),
(2324, 6, 603, 29, 'Cash'),
(2325, 1, 582, 17, 'Credit'),
(2326, 5, 547, 16, 'Cash'),
(2327, 3, 607, 19, 'Cash'),
(2328, 1, 595, 18, 'Cash'),
(2329, 3, 594, 19, 'Cash'),
(2330, 5, 590, 8, 'Credit'),
(2331, 1, 595, 16, 'Cash'),
(2332, 6, 603, 16, 'Cash'),
(2333, 3, 607, 16, 'Cash'),
(2334, 5, 596, 16, 'Cash'),
(2335, 6, 603, 27, 'Cash'),
(2336, 3, 594, 20, 'Credit'),
(2337, 5, 547, 20, 'Cash'),
(2339, 1, 595, 19, 'Credit'),
(2340, 6, 603, 25, 'Cash'),
(2341, 1, 595, 20, 'Credit'),
(2342, 5, 590, 21, 'Credit'),
(2343, 3, 594, 22, 'Credit'),
(2344, 1, 595, 29, 'Cash'),
(2345, 3, 607, 22, 'Credit'),
(2346, 5, 596, 13, 'Cash'),
(2347, 1, 595, 22, 'Cash'),
(2348, 6, 603, 24, 'Cash'),
(2349, 1, 582, 22, 'Credit'),
(2350, 5, 596, 7, 'Cash'),
(2351, 6, 603, 23, 'Cash'),
(2352, 3, 594, 17, 'Cash'),
(2353, 5, 590, 7, 'Cash'),
(2354, 1, 595, 24, 'Cash'),
(2355, 6, 603, 26, 'Cash'),
(2356, 3, 607, 24, 'Cash'),
(2357, 5, 547, 7, 'Cash'),
(2358, 6, 659, 17, 'Credit'),
(2359, 3, 651, 17, 'Cash'),
(2360, 6, 659, 16, 'Cash'),
(2361, 1, 652, 19, 'Cash'),
(2362, 3, 651, 18, 'Credit'),
(2363, 5, 618, 16, 'Cash'),
(2364, 6, 659, 18, 'Cash'),
(2365, 3, 651, 20, 'Credit'),
(2366, 1, 652, 20, 'Cash'),
(2367, 5, 646, 18, 'Cash'),
(2368, 1, 663, 19, 'Cash'),
(2369, 6, 659, 20, 'Cash'),
(2370, 3, 651, 28, 'Cash'),
(2371, 3, 651, 19, 'Cash'),
(2372, 1, 663, 10, 'Credit'),
(2373, 5, 646, 17, 'Cash'),
(2374, 6, 659, 14, 'Cash'),
(2375, 1, 663, 4, 'Credit'),
(2376, 3, 651, 22, 'Cash'),
(2377, 6, 659, 30, 'Cash'),
(2378, 5, 646, 7, 'Cash'),
(2379, 1, 663, 3, 'Credit'),
(2380, 3, 651, 21, 'Credit'),
(2381, 1, 663, 30, 'Cash'),
(2382, 6, 659, 27, 'Cash'),
(2383, 5, 618, 6, 'Cash'),
(2384, 3, 651, 23, 'Cash'),
(2385, 1, 652, 21, 'Cash'),
(2386, 3, 651, 24, 'Cash'),
(2387, 1, 652, 18, 'Cash'),
(2388, 6, 659, 26, 'Cash'),
(2389, 5, 618, 7, 'Cash'),
(2390, 3, 651, 25, 'Cash'),
(2391, 1, 663, 23, 'Cash'),
(2392, 5, 654, 15, 'Cash'),
(2393, 1, 652, 23, 'Cash'),
(2394, 1, 663, 21, 'Cash'),
(2395, 3, 651, 14, 'Cash'),
(2396, 6, 659, 22, 'Cash'),
(2397, 5, 654, 7, 'Cash'),
(2398, 3, 651, 29, 'Credit'),
(2399, 6, 659, 28, 'Cash'),
(2400, 3, 651, 27, 'Cash'),
(2401, 5, 654, 17, 'Cash'),
(2402, 3, 651, 16, 'Credit'),
(2403, 6, 659, 24, 'Cash'),
(2404, 3, 651, 15, 'Credit'),
(2405, 5, 646, 10, 'Cash'),
(2406, 3, 651, 30, 'Cash'),
(2407, 5, 618, 22, 'Cash'),
(2408, 5, 646, 23, 'Cash'),
(2409, 6, 721, 16, 'Cash'),
(2410, 3, 678, 18, 'Cash'),
(2411, 6, 721, 17, 'Cash'),
(2412, 5, 712, 16, 'Cash'),
(2413, 3, 689, 17, 'Cash'),
(2414, 6, 721, 20, 'Cash'),
(2415, 1, 692, 19, 'Cash'),
(2416, 5, 719, 17, 'Cash'),
(2417, 3, 723, 17, 'Credit'),
(2418, 6, 721, 19, 'Cash'),
(2419, 3, 689, 16, 'Cash'),
(2420, 5, 719, 7, 'Cash'),
(2421, 1, 692, 20, 'Cash'),
(2422, 6, 721, 21, 'Cash'),
(2423, 5, 719, 21, 'Cash'),
(2424, 3, 689, 18, 'Cash'),
(2425, 5, 712, 17, 'Cash'),
(2426, 6, 721, 23, 'Credit'),
(2427, 3, 723, 15, 'Cash'),
(2428, 5, 712, 7, 'Cash'),
(2429, 3, 678, 19, 'Cash'),
(2430, 6, 721, 24, 'Cash'),
(2431, 3, 689, 19, 'Cash'),
(2432, 5, 719, 20, 'Cash'),
(2433, 6, 721, 25, 'Cash'),
(2434, 3, 723, 16, 'Cash'),
(2435, 1, 692, 21, 'Cash'),
(2436, 5, 719, 15, 'Cash'),
(2437, 3, 689, 22, 'Cash'),
(2438, 1, 710, 19, 'Cash'),
(2439, 5, 712, 22, 'Cash'),
(2440, 6, 721, 18, 'Cash'),
(2441, 1, 718, 19, 'Credit'),
(2442, 3, 723, 20, 'Cash'),
(2443, 5, 712, 14, 'Cash'),
(2444, 6, 721, 28, 'Cash'),
(2445, 1, 718, 20, 'Cash'),
(2446, 3, 678, 21, 'Cash'),
(2447, 5, 719, 22, 'Credit'),
(2448, 1, 710, 20, 'Cash'),
(2449, 3, 689, 23, 'Cash'),
(2450, 5, 719, 23, 'Cash'),
(2451, 1, 692, 22, 'Cash'),
(2452, 5, 712, 24, 'Credit');

-- --------------------------------------------------------

--
-- Table structure for table `tblTayangan`
--

CREATE TABLE `tblTayangan` (
  `kode_tayangan` int(11) NOT NULL,
  `kode_film` int(11) DEFAULT NULL,
  `harga_tayangan` double DEFAULT NULL,
  `studio_tayangan` int(11) DEFAULT NULL,
  `jammulai_tayangan` timestamp NOT NULL DEFAULT '0000-00-00 00:00:00',
  `jamselesai_tayangan` timestamp NOT NULL DEFAULT '0000-00-00 00:00:00'
) ENGINE=InnoDB DEFAULT CHARSET=latin1;

--
-- Dumping data for table `tblTayangan`
--

INSERT INTO `tblTayangan` (`kode_tayangan`, `kode_film`, `harga_tayangan`, `studio_tayangan`, `jammulai_tayangan`, `jamselesai_tayangan`) VALUES
(1, 1, 50000, 1, '2016-06-26 07:00:00', '2016-06-26 08:30:00'),
(4, 4, 40000, 2, '2016-07-11 09:00:00', '2016-07-11 10:30:00'),
(6, 6, 45000, 3, '2016-07-11 09:00:00', '2016-07-11 10:30:00'),
(7, 6, 50000, 4, '2016-07-11 09:00:00', '2016-07-11 10:30:00'),
(8, 1, 40000, 1, '2016-07-11 09:00:00', '2016-07-11 10:30:00'),
(9, 4, 45000, 2, '2016-07-11 11:00:00', '2016-07-11 12:30:00'),
(10, 3, 50000, 1, '2016-07-12 09:00:00', '2016-07-12 10:30:00'),
(12, 6, 45000, 3, '2016-07-12 09:00:00', '2016-07-12 10:30:00'),
(13, 6, 50000, 4, '2016-07-12 09:00:00', '2016-07-12 10:30:00'),
(14, 1, 45000, 2, '2016-06-25 18:30:00', '2016-06-25 20:00:00'),
(15, 1, 40000, 3, '2016-06-25 18:30:00', '2016-06-25 20:00:00'),
(16, 1, 35000, 4, '2016-06-25 18:30:00', '2016-06-25 20:00:00'),
(17, 2, 50000, 1, '2016-07-07 09:00:00', '2016-07-07 10:30:00'),
(18, 2, 50000, 2, '2016-07-07 09:00:00', '2016-07-07 10:30:00'),
(19, 1, 50000, 3, '2016-07-07 09:00:00', '2016-07-07 10:30:00'),
(20, 1, 50000, 4, '2016-07-07 09:00:00', '2016-07-07 10:30:00'),
(21, 3, 50000, 1, '2016-07-08 09:00:00', '2016-07-08 10:30:00'),
(22, 3, 50000, 2, '2016-07-08 09:00:00', '2016-07-08 10:30:00'),
(23, 6, 50000, 3, '2016-07-08 09:00:00', '2016-07-08 10:30:00'),
(24, 6, 50000, 4, '2016-07-08 09:00:00', '2016-07-08 10:30:00'),
(25, 3, 45000, 1, '2016-07-09 09:00:00', '2016-07-09 10:30:00'),
(26, 3, 45000, 2, '2016-07-09 09:00:00', '2016-07-09 10:30:00'),
(27, 4, 50000, 3, '2016-07-09 09:00:00', '2016-07-09 10:30:00'),
(28, 4, 50000, 4, '2016-07-09 09:00:00', '2016-07-09 10:30:00'),
(29, 1, 50000, 1, '2016-07-10 09:00:00', '2016-07-10 10:30:00'),
(30, 2, 50000, 2, '2016-07-10 09:00:00', '2016-07-10 10:30:00'),
(31, 4, 45000, 3, '2016-07-10 09:00:00', '2016-07-10 10:30:00'),
(32, 4, 45000, 4, '2016-07-10 09:00:00', '2016-07-10 10:30:00'),
(34, 4, 45000, 1, '2016-08-08 03:00:00', '2016-08-08 04:30:00'),
(35, 4, 45000, 1, '2016-07-19 03:00:00', '2016-07-19 04:30:00'),
(36, 3, 45000, 1, '2016-07-13 03:00:00', '2016-07-13 04:30:00'),
(40, 3, 45000, 1, '2016-07-13 05:00:00', '2016-07-13 06:30:00'),
(41, 7, 45000, 3, '2016-07-19 03:00:00', '2016-07-19 04:30:00'),
(43, 2, 45000, 4, '2016-07-19 03:00:00', '2016-07-19 04:30:00'),
(47, 4, 45000, 1, '2016-07-19 05:00:00', '2016-07-19 06:30:00'),
(48, 1, 45000, 2, '2016-08-08 03:00:00', '2016-08-08 04:30:00'),
(49, 7, 45000, 3, '2016-08-08 03:00:00', '2016-08-08 04:30:00'),
(51, 2, 45000, 4, '2016-08-08 03:00:00', '2016-08-08 04:30:00'),
(52, 1, 45000, 2, '2016-07-19 05:00:00', '2016-07-19 06:30:00'),
(53, 3, 45000, 1, '2016-07-13 07:00:00', '2016-07-13 08:30:00'),
(54, 7, 45000, 3, '2016-07-19 05:00:00', '2016-07-19 06:30:00'),
(56, 3, 45000, 1, '2016-07-13 09:00:00', '2016-07-13 10:30:00'),
(57, 7, 45000, 3, '2016-07-19 05:00:00', '2016-07-19 06:30:00'),
(59, 2, 45000, 4, '2016-07-19 05:00:00', '2016-07-19 06:30:00'),
(60, 3, 45000, 1, '2016-07-13 11:00:00', '2016-07-13 12:30:00'),
(62, 2, 45000, 2, '2016-07-13 03:00:00', '2016-07-13 04:30:00'),
(63, 3, 45000, 1, '2016-08-08 05:00:00', '2016-08-08 06:30:00'),
(64, 4, 45000, 1, '2016-07-19 07:00:00', '2016-07-19 08:30:00'),
(65, 2, 45000, 2, '2016-07-13 05:00:00', '2016-07-13 06:30:00'),
(66, 6, 45000, 2, '2016-08-08 05:00:00', '2016-08-08 06:30:00'),
(67, 2, 45000, 2, '2016-07-13 07:00:00', '2016-07-13 08:30:00'),
(69, 4, 45000, 3, '2016-08-08 05:00:00', '2016-08-08 06:30:00'),
(70, 2, 45000, 2, '2016-07-13 09:00:00', '2016-07-13 10:30:00'),
(71, 2, 45000, 2, '2016-07-13 11:00:00', '2016-07-13 12:30:00'),
(72, 1, 45000, 2, '2016-07-19 07:00:00', '2016-07-19 08:30:00'),
(74, 2, 45000, 4, '2016-07-19 07:00:00', '2016-07-19 08:30:00'),
(75, 1, 45000, 2, '2016-07-19 03:00:00', '2016-07-19 04:30:00'),
(76, 1, 45000, 4, '2016-08-08 05:00:00', '2016-08-08 06:30:00'),
(78, 4, 45000, 1, '2016-07-19 09:00:00', '2016-07-19 10:30:00'),
(81, 1, 45000, 2, '2016-07-19 09:00:00', '2016-07-19 10:30:00'),
(85, 2, 45000, 4, '2016-07-19 09:00:00', '2016-07-19 10:30:00'),
(86, 7, 45000, 3, '2016-07-19 09:00:00', '2016-07-19 10:30:00'),
(87, 4, 45000, 1, '2016-07-19 11:00:00', '2016-07-19 12:30:00'),
(88, 1, 45000, 2, '2016-07-19 11:00:00', '2016-07-19 12:30:00'),
(89, 7, 45000, 3, '2016-07-19 11:00:00', '2016-07-19 12:30:00'),
(90, 2, 45000, 4, '2016-07-19 11:00:00', '2016-07-19 12:30:00'),
(92, 3, 45000, 1, '2016-07-20 03:00:00', '2016-07-20 04:30:00'),
(94, 7, 45000, 3, '2016-07-13 03:00:00', '2016-07-13 04:30:00'),
(96, 7, 45000, 3, '2016-07-13 05:00:00', '2016-07-13 06:30:00'),
(98, 7, 45000, 3, '2016-07-13 07:00:00', '2016-07-13 08:30:00'),
(99, 4, 45000, 2, '2016-07-20 03:00:00', '2016-07-20 04:30:00'),
(100, 7, 45000, 3, '2016-07-13 09:00:00', '2016-07-13 10:30:00'),
(101, 7, 45000, 3, '2016-07-13 11:00:00', '2016-07-13 12:30:00'),
(102, 4, 45000, 4, '2016-07-13 03:00:00', '2016-07-13 04:30:00'),
(104, 7, 45000, 3, '2016-07-20 03:00:00', '2016-07-20 04:30:00'),
(105, 4, 45000, 4, '2016-07-13 07:00:00', '2016-07-13 08:30:00'),
(106, 4, 45000, 4, '2016-07-13 09:00:00', '2016-07-13 10:30:00'),
(107, 4, 45000, 4, '2016-07-13 11:00:00', '2016-07-13 12:30:00'),
(108, 1, 45000, 4, '2016-07-20 03:00:00', '2016-07-20 04:30:00'),
(109, 3, 45000, 1, '2016-07-14 03:00:00', '2016-07-14 04:30:00'),
(110, 3, 45000, 1, '2016-07-14 05:00:00', '2016-07-14 06:30:00'),
(111, 6, 45000, 1, '2016-08-02 03:00:00', '2016-08-02 04:30:00'),
(113, 6, 45000, 1, '2016-08-02 05:00:00', '2016-08-02 06:30:00'),
(114, 3, 45000, 1, '2016-07-14 07:00:00', '2016-07-14 08:30:00'),
(115, 3, 45000, 1, '2016-07-20 05:00:00', '2016-07-20 06:30:00'),
(116, 6, 45000, 1, '2016-08-02 07:00:00', '2016-08-02 08:30:00'),
(118, 3, 45000, 1, '2016-07-14 09:00:00', '2016-07-14 10:30:00'),
(119, 6, 45000, 1, '2016-08-02 09:00:00', '2016-08-02 10:30:00'),
(120, 4, 45000, 2, '2016-07-20 05:00:00', '2016-07-20 06:30:00'),
(122, 6, 45000, 1, '2016-08-02 11:00:00', '2016-08-02 12:30:00'),
(123, 4, 50000, 1, '2016-07-26 03:00:00', '2016-07-26 04:30:00'),
(124, 3, 45000, 1, '2016-07-14 11:00:00', '2016-07-14 12:30:00'),
(125, 7, 45000, 3, '2016-07-20 05:00:00', '2016-07-20 06:30:00'),
(126, 2, 45000, 2, '2016-07-14 03:00:00', '2016-07-14 04:30:00'),
(127, 3, 45000, 2, '2016-08-02 03:00:00', '2016-08-02 04:30:00'),
(128, 1, 45000, 4, '2016-07-20 05:00:00', '2016-07-20 06:30:00'),
(129, 4, 50000, 1, '2016-07-26 05:00:00', '2016-07-26 06:30:00'),
(130, 2, 45000, 2, '2016-07-14 05:00:00', '2016-07-14 06:30:00'),
(131, 3, 45000, 2, '2016-08-02 05:00:00', '2016-08-02 06:30:00'),
(132, 4, 50000, 1, '2016-07-26 07:00:00', '2016-07-26 08:30:00'),
(133, 2, 45000, 2, '2016-07-14 07:00:00', '2016-07-14 08:30:00'),
(134, 4, 50000, 1, '2016-07-26 09:00:00', '2016-07-26 10:30:00'),
(135, 2, 45000, 2, '2016-07-14 09:00:00', '2016-07-14 10:30:00'),
(136, 4, 50000, 1, '2016-07-26 11:00:00', '2016-07-26 12:30:00'),
(137, 2, 45000, 1, '2016-07-20 05:00:00', '2016-07-20 06:30:00'),
(138, 2, 45000, 2, '2016-07-14 11:00:00', '2016-07-14 12:30:00'),
(139, 3, 45000, 2, '2016-08-02 07:00:00', '2016-08-02 08:30:00'),
(140, 1, 50000, 2, '2016-07-26 03:00:00', '2016-07-26 04:30:00'),
(141, 3, 45000, 2, '2016-08-02 09:00:00', '2016-08-02 10:30:00'),
(143, 1, 50000, 2, '2016-07-26 05:00:00', '2016-07-26 06:30:00'),
(144, 7, 45000, 3, '2016-07-14 03:00:00', '2016-07-14 04:30:00'),
(145, 1, 50000, 2, '2016-07-26 07:00:00', '2016-07-26 08:30:00'),
(146, 7, 45000, 3, '2016-07-14 05:00:00', '2016-07-14 06:30:00'),
(147, 3, 45000, 2, '2016-08-02 11:00:00', '2016-08-02 12:30:00'),
(148, 1, 50000, 2, '2016-07-26 09:00:00', '2016-07-26 10:30:00'),
(150, 7, 45000, 3, '2016-07-14 07:00:00', '2016-07-14 08:30:00'),
(152, 1, 50000, 2, '2016-07-26 11:00:00', '2016-07-26 12:30:00'),
(153, 7, 45000, 3, '2016-07-14 09:00:00', '2016-07-14 10:30:00'),
(154, 1, 45000, 3, '2016-08-02 03:00:00', '2016-08-02 04:30:00'),
(155, 7, 50000, 3, '2016-07-26 03:00:00', '2016-07-26 04:30:00'),
(157, 2, 45000, 1, '2016-07-20 07:00:00', '2016-07-20 08:30:00'),
(158, 7, 50000, 3, '2016-07-26 05:00:00', '2016-07-26 06:30:00'),
(159, 7, 50000, 3, '2016-07-26 07:00:00', '2016-07-26 08:30:00'),
(161, 7, 45000, 3, '2016-07-14 11:00:00', '2016-07-14 12:30:00'),
(162, 3, 45000, 2, '2016-07-20 07:00:00', '2016-07-20 08:30:00'),
(163, 7, 50000, 3, '2016-07-26 09:00:00', '2016-07-26 10:30:00'),
(164, 1, 45000, 3, '2016-08-02 05:00:00', '2016-08-02 06:30:00'),
(165, 7, 50000, 3, '2016-07-26 11:00:00', '2016-07-26 12:30:00'),
(166, 1, 45000, 3, '2016-07-20 07:00:00', '2016-07-20 08:30:00'),
(167, 2, 50000, 4, '2016-07-26 03:00:00', '2016-07-26 04:30:00'),
(168, 7, 45000, 4, '2016-07-20 07:00:00', '2016-07-20 08:30:00'),
(169, 2, 50000, 4, '2016-07-26 05:00:00', '2016-07-26 06:30:00'),
(170, 1, 45000, 3, '2016-08-02 07:00:00', '2016-08-02 08:30:00'),
(171, 2, 50000, 4, '2016-07-26 07:00:00', '2016-07-26 08:30:00'),
(172, 1, 45000, 3, '2016-08-02 11:00:00', '2016-08-02 12:30:00'),
(173, 2, 50000, 4, '2016-07-26 09:00:00', '2016-07-26 10:30:00'),
(174, 2, 45000, 1, '2016-07-20 09:00:00', '2016-07-20 10:30:00'),
(175, 2, 50000, 4, '2016-07-26 11:00:00', '2016-07-26 12:30:00'),
(176, 2, 45000, 4, '2016-08-02 03:00:00', '2016-08-02 04:30:00'),
(177, 3, 45000, 2, '2016-07-20 09:00:00', '2016-07-20 10:30:00'),
(178, 4, 50000, 1, '2016-07-27 03:00:00', '2016-07-27 04:30:00'),
(179, 2, 45000, 4, '2016-08-02 05:00:00', '2016-08-02 06:30:00'),
(180, 4, 50000, 1, '2016-07-27 05:00:00', '2016-07-27 06:30:00'),
(181, 1, 45000, 3, '2016-07-20 09:00:00', '2016-07-20 10:30:00'),
(182, 2, 45000, 4, '2016-08-02 07:00:00', '2016-08-02 08:30:00'),
(183, 4, 50000, 1, '2016-07-27 07:00:00', '2016-07-27 08:30:00'),
(184, 2, 45000, 4, '2016-08-02 09:00:00', '2016-08-02 10:30:00'),
(185, 7, 45000, 4, '2016-07-20 09:00:00', '2016-07-20 10:30:00'),
(186, 4, 50000, 1, '2016-07-27 09:00:00', '2016-07-27 10:30:00'),
(187, 2, 45000, 4, '2016-08-02 11:00:00', '2016-08-02 12:30:00'),
(188, 3, 45000, 1, '2016-07-20 11:00:00', '2016-07-20 12:30:00'),
(189, 4, 50000, 1, '2016-07-27 11:00:00', '2016-07-27 12:30:00'),
(190, 2, 45000, 2, '2016-07-20 11:00:00', '2016-07-20 12:30:00'),
(191, 4, 45000, 3, '2016-07-20 11:00:00', '2016-07-20 12:30:00'),
(193, 1, 45000, 3, '2016-08-02 09:00:00', '2016-08-02 10:30:00'),
(194, 4, 45000, 4, '2016-07-14 03:00:00', '2016-07-14 04:30:00'),
(195, 1, 50000, 2, '2016-07-27 03:00:00', '2016-07-27 04:30:00'),
(196, 4, 45000, 4, '2016-07-14 05:00:00', '2016-07-14 06:30:00'),
(197, 1, 50000, 2, '2016-07-27 05:00:00', '2016-07-27 06:30:00'),
(198, 6, 45000, 1, '2016-08-03 03:00:00', '2016-08-03 04:30:00'),
(199, 4, 45000, 4, '2016-07-14 07:00:00', '2016-07-14 08:30:00'),
(200, 1, 50000, 2, '2016-07-27 07:00:00', '2016-07-27 08:30:00'),
(201, 4, 45000, 4, '2016-07-14 09:00:00', '2016-07-14 10:30:00'),
(202, 1, 50000, 2, '2016-07-27 09:00:00', '2016-07-27 10:30:00'),
(203, 6, 45000, 1, '2016-08-03 05:00:00', '2016-08-03 06:30:00'),
(204, 4, 45000, 4, '2016-07-14 11:00:00', '2016-07-14 12:30:00'),
(205, 1, 50000, 2, '2016-07-27 11:00:00', '2016-07-27 12:30:00'),
(206, 6, 45000, 1, '2016-08-03 07:00:00', '2016-08-03 08:30:00'),
(207, 3, 45000, 1, '2016-07-15 03:00:00', '2016-07-15 04:30:00'),
(208, 7, 50000, 3, '2016-07-27 03:00:00', '2016-07-27 04:30:00'),
(209, 3, 45000, 1, '2016-07-15 05:00:00', '2016-07-15 06:30:00'),
(210, 7, 50000, 3, '2016-07-27 05:00:00', '2016-07-27 06:30:00'),
(211, 3, 45000, 1, '2016-07-15 07:00:00', '2016-07-15 08:30:00'),
(212, 7, 50000, 3, '2016-07-27 07:00:00', '2016-07-27 08:30:00'),
(213, 7, 50000, 3, '2016-07-27 09:00:00', '2016-07-27 10:30:00'),
(214, 3, 45000, 1, '2016-07-15 09:00:00', '2016-07-15 10:30:00'),
(215, 7, 50000, 3, '2016-07-27 11:00:00', '2016-07-27 12:30:00'),
(217, 2, 50000, 4, '2016-07-27 03:00:00', '2016-07-27 04:30:00'),
(218, 6, 45000, 1, '2016-08-03 09:00:00', '2016-08-03 10:30:00'),
(219, 2, 45000, 2, '2016-07-21 03:00:00', '2016-07-21 04:30:00'),
(220, 6, 45000, 1, '2016-08-03 11:00:00', '2016-08-03 12:30:00'),
(221, 2, 50000, 4, '2016-07-27 05:00:00', '2016-07-27 06:30:00'),
(222, 2, 50000, 4, '2016-07-27 07:00:00', '2016-07-27 08:30:00'),
(223, 3, 45000, 2, '2016-08-03 03:00:00', '2016-08-03 04:30:00'),
(224, 2, 50000, 4, '2016-07-27 09:00:00', '2016-07-27 10:30:00'),
(225, 2, 50000, 4, '2016-07-27 11:00:00', '2016-07-27 12:30:00'),
(226, 1, 45000, 3, '2016-08-03 05:00:00', '2016-08-03 06:30:00'),
(227, 3, 45000, 1, '2016-07-21 03:00:00', '2016-07-21 04:30:00'),
(228, 1, 45000, 3, '2016-08-03 07:00:00', '2016-08-03 08:30:00'),
(229, 3, 45000, 1, '2016-07-15 11:00:00', '2016-07-15 12:30:00'),
(230, 2, 45000, 2, '2016-07-15 03:00:00', '2016-07-15 04:30:00'),
(231, 4, 45000, 3, '2016-07-21 03:00:00', '2016-07-21 04:30:00'),
(232, 2, 45000, 2, '2016-07-15 05:00:00', '2016-07-15 06:30:00'),
(233, 2, 45000, 2, '2016-07-15 07:00:00', '2016-07-15 08:30:00'),
(234, 3, 45000, 2, '2016-08-03 05:00:00', '2016-08-03 06:30:00'),
(236, 7, 45000, 4, '2016-07-21 03:00:00', '2016-07-21 04:30:00'),
(237, 3, 45000, 2, '2016-08-03 07:00:00', '2016-08-03 08:30:00'),
(238, 2, 45000, 2, '2016-07-15 09:00:00', '2016-07-15 10:30:00'),
(239, 2, 45000, 2, '2016-07-15 11:00:00', '2016-07-15 12:30:00'),
(240, 3, 45000, 2, '2016-08-03 09:00:00', '2016-08-03 10:30:00'),
(241, 3, 45000, 2, '2016-08-03 11:00:00', '2016-08-03 12:30:00'),
(242, 3, 45000, 1, '2016-07-21 05:00:00', '2016-07-21 06:30:00'),
(243, 1, 45000, 3, '2016-08-03 03:00:00', '2016-08-03 04:30:00'),
(244, 1, 45000, 3, '2016-08-03 09:00:00', '2016-08-03 10:30:00'),
(246, 2, 45000, 2, '2016-07-21 05:00:00', '2016-07-21 06:30:00'),
(247, 1, 45000, 3, '2016-08-03 11:00:00', '2016-08-03 12:30:00'),
(248, 4, 45000, 3, '2016-07-21 05:00:00', '2016-07-21 06:30:00'),
(249, 7, 45000, 3, '2016-07-15 03:00:00', '2016-07-15 04:30:00'),
(250, 7, 45000, 3, '2016-07-15 05:00:00', '2016-07-15 06:30:00'),
(251, 7, 45000, 4, '2016-07-21 05:00:00', '2016-07-21 06:30:00'),
(252, 2, 45000, 4, '2016-08-03 03:00:00', '2016-08-03 04:30:00'),
(253, 7, 45000, 3, '2016-07-15 07:00:00', '2016-07-15 08:30:00'),
(255, 2, 45000, 4, '2016-08-03 05:00:00', '2016-08-03 06:30:00'),
(256, 7, 45000, 3, '2016-07-15 09:00:00', '2016-07-15 10:30:00'),
(257, 7, 45000, 3, '2016-07-15 11:00:00', '2016-07-15 12:30:00'),
(258, 3, 45000, 1, '2016-07-21 07:00:00', '2016-07-21 08:30:00'),
(259, 2, 45000, 2, '2016-07-21 07:00:00', '2016-07-21 08:30:00'),
(260, 2, 45000, 4, '2016-08-03 07:00:00', '2016-08-03 08:30:00'),
(261, 4, 45000, 4, '2016-07-15 03:00:00', '2016-07-15 04:30:00'),
(262, 4, 45000, 4, '2016-07-15 05:00:00', '2016-07-15 06:30:00'),
(263, 2, 45000, 4, '2016-08-03 11:00:00', '2016-08-03 12:30:00'),
(264, 4, 45000, 3, '2016-07-21 07:00:00', '2016-07-21 08:30:00'),
(265, 4, 45000, 4, '2016-07-15 07:00:00', '2016-07-15 08:30:00'),
(266, 7, 45000, 4, '2016-07-21 07:00:00', '2016-07-21 08:30:00'),
(268, 2, 45000, 4, '2016-08-03 09:00:00', '2016-08-03 10:30:00'),
(269, 1, 45000, 1, '2016-07-21 09:00:00', '2016-07-21 10:30:00'),
(270, 4, 45000, 4, '2016-07-15 11:00:00', '2016-07-15 12:30:00'),
(271, 2, 45000, 2, '2016-07-21 09:00:00', '2016-07-21 10:30:00'),
(272, 6, 45000, 1, '2016-08-04 03:00:00', '2016-08-04 04:30:00'),
(273, 4, 45000, 3, '2016-07-21 09:00:00', '2016-07-21 10:30:00'),
(274, 4, 45000, 4, '2016-07-15 09:00:00', '2016-07-15 10:30:00'),
(275, 7, 45000, 4, '2016-07-21 09:00:00', '2016-07-21 10:30:00'),
(276, 6, 45000, 1, '2016-08-04 05:00:00', '2016-08-04 06:30:00'),
(277, 6, 45000, 1, '2016-08-04 07:00:00', '2016-08-04 08:30:00'),
(278, 1, 45000, 1, '2016-07-21 11:00:00', '2016-07-21 12:30:00'),
(279, 6, 45000, 1, '2016-08-04 09:00:00', '2016-08-04 10:30:00'),
(280, 6, 45000, 1, '2016-08-04 11:00:00', '2016-08-04 12:30:00'),
(281, 3, 45000, 2, '2016-08-04 03:00:00', '2016-08-04 04:30:00'),
(282, 1, 45000, 1, '2016-08-08 07:00:00', '2016-08-08 08:30:00'),
(283, 3, 45000, 1, '2016-07-16 03:00:00', '2016-07-16 04:30:00'),
(284, 3, 45000, 2, '2016-08-04 05:00:00', '2016-08-04 06:30:00'),
(285, 7, 45000, 2, '2016-08-08 07:00:00', '2016-08-08 08:30:00'),
(286, 3, 45000, 1, '2016-07-16 05:00:00', '2016-07-16 06:30:00'),
(287, 7, 45000, 3, '2016-08-08 07:00:00', '2016-08-08 08:30:00'),
(288, 2, 45000, 2, '2016-07-21 11:00:00', '2016-07-21 12:30:00'),
(289, 3, 45000, 1, '2016-07-16 07:00:00', '2016-07-16 08:30:00'),
(290, 3, 45000, 2, '2016-08-04 07:00:00', '2016-08-04 08:30:00'),
(291, 3, 45000, 1, '2016-07-16 09:00:00', '2016-07-16 10:30:00'),
(293, 4, 45000, 3, '2016-07-21 11:00:00', '2016-07-21 12:30:00'),
(294, 3, 45000, 2, '2016-08-04 09:00:00', '2016-08-04 10:30:00'),
(295, 7, 45000, 4, '2016-07-21 11:00:00', '2016-07-21 12:30:00'),
(296, 3, 45000, 1, '2016-07-16 11:00:00', '2016-07-16 12:30:00'),
(297, 3, 45000, 4, '2016-08-08 07:00:00', '2016-08-08 08:30:00'),
(299, 3, 45000, 2, '2016-08-04 11:00:00', '2016-08-04 12:30:00'),
(300, 6, 45000, 1, '2016-07-22 03:00:00', '2016-07-22 04:30:00'),
(301, 2, 50000, 2, '2016-07-16 03:00:00', '2016-07-16 04:30:00'),
(302, 3, 45000, 2, '2016-07-22 03:00:00', '2016-07-22 04:30:00'),
(303, 1, 45000, 3, '2016-08-04 03:00:00', '2016-08-04 04:30:00'),
(304, 2, 50000, 2, '2016-07-16 05:00:00', '2016-07-16 06:30:00'),
(305, 1, 45000, 3, '2016-07-22 03:00:00', '2016-07-22 04:30:00'),
(306, 2, 45000, 1, '2016-08-08 09:00:00', '2016-08-08 10:30:00'),
(307, 1, 45000, 3, '2016-08-04 05:00:00', '2016-08-04 06:30:00'),
(308, 3, 45000, 2, '2016-08-08 09:00:00', '2016-08-08 10:30:00'),
(309, 2, 45000, 4, '2016-07-22 03:00:00', '2016-07-22 04:30:00'),
(310, 6, 45000, 3, '2016-08-08 09:00:00', '2016-08-08 10:30:00'),
(311, 1, 45000, 3, '2016-08-04 07:00:00', '2016-08-04 08:30:00'),
(313, 4, 45000, 4, '2016-08-08 09:00:00', '2016-08-08 10:30:00'),
(314, 1, 45000, 3, '2016-08-04 09:00:00', '2016-08-04 10:30:00'),
(315, 6, 45000, 1, '2016-07-21 03:00:00', '2016-07-21 04:30:00'),
(316, 1, 45000, 3, '2016-08-04 11:00:00', '2016-08-04 12:30:00'),
(317, 4, 45000, 1, '2016-08-08 11:00:00', '2016-08-08 12:30:00'),
(318, 2, 50000, 2, '2016-07-16 07:00:00', '2016-07-16 08:30:00'),
(319, 3, 45000, 3, '2016-08-08 11:00:00', '2016-08-08 12:30:00'),
(320, 1, 45000, 2, '2016-08-08 11:00:00', '2016-08-08 12:30:00'),
(321, 2, 45000, 4, '2016-08-08 11:00:00', '2016-08-08 12:30:00'),
(323, 2, 45000, 4, '2016-08-04 03:00:00', '2016-08-04 04:30:00'),
(324, 6, 45000, 1, '2016-07-22 05:00:00', '2016-07-22 06:30:00'),
(325, 2, 50000, 2, '2016-07-16 09:00:00', '2016-07-16 10:30:00'),
(326, 6, 45000, 1, '2016-08-09 03:00:00', '2016-08-09 04:30:00'),
(327, 2, 45000, 4, '2016-08-04 05:00:00', '2016-08-04 06:30:00'),
(328, 2, 50000, 2, '2016-07-16 11:00:00', '2016-07-16 12:30:00'),
(329, 2, 45000, 4, '2016-08-04 07:00:00', '2016-08-04 08:30:00'),
(330, 7, 50000, 3, '2016-07-16 03:00:00', '2016-07-16 04:30:00'),
(331, 3, 45000, 2, '2016-07-22 05:00:00', '2016-07-22 06:30:00'),
(332, 2, 45000, 4, '2016-08-04 09:00:00', '2016-08-04 10:30:00'),
(333, 4, 45000, 1, '2016-07-31 03:00:00', '2016-07-31 04:30:00'),
(334, 3, 45000, 2, '2016-08-09 03:00:00', '2016-08-09 04:30:00'),
(335, 7, 50000, 3, '2016-07-16 05:00:00', '2016-07-16 06:30:00'),
(336, 1, 45000, 3, '2016-07-22 05:00:00', '2016-07-22 06:30:00'),
(337, 2, 45000, 4, '2016-08-04 11:00:00', '2016-08-04 12:30:00'),
(338, 4, 45000, 1, '2016-07-31 05:00:00', '2016-07-31 06:30:00'),
(339, 2, 45000, 3, '2016-08-09 03:00:00', '2016-08-09 04:30:00'),
(340, 4, 45000, 1, '2016-07-31 07:00:00', '2016-07-31 08:30:00'),
(341, 2, 45000, 4, '2016-07-22 05:00:00', '2016-07-22 06:30:00'),
(342, 7, 50000, 3, '2016-07-16 07:00:00', '2016-07-16 08:30:00'),
(343, 4, 45000, 1, '2016-07-31 09:00:00', '2016-07-31 10:30:00'),
(344, 7, 45000, 4, '2016-08-09 03:00:00', '2016-08-09 04:30:00'),
(345, 4, 45000, 1, '2016-07-31 11:00:00', '2016-07-31 12:30:00'),
(347, 4, 45000, 1, '2016-08-05 03:00:00', '2016-08-05 04:30:00'),
(348, 1, 45000, 2, '2016-07-31 03:00:00', '2016-07-31 04:30:00'),
(349, 4, 45000, 1, '2016-08-05 05:00:00', '2016-08-05 06:30:00'),
(350, 1, 45000, 2, '2016-07-31 05:00:00', '2016-07-31 06:30:00'),
(351, 1, 45000, 2, '2016-07-31 07:00:00', '2016-07-31 08:30:00'),
(352, 1, 45000, 1, '2016-08-09 05:00:00', '2016-08-09 06:30:00'),
(353, 7, 50000, 3, '2016-07-16 09:00:00', '2016-07-16 10:30:00'),
(354, 6, 45000, 1, '2016-07-22 07:00:00', '2016-07-22 08:30:00'),
(355, 1, 45000, 2, '2016-07-31 09:00:00', '2016-07-31 10:30:00'),
(356, 7, 45000, 2, '2016-08-09 05:00:00', '2016-08-09 06:30:00'),
(357, 1, 45000, 2, '2016-07-31 11:00:00', '2016-07-31 12:30:00'),
(358, 4, 45000, 1, '2016-08-05 07:00:00', '2016-08-05 08:30:00'),
(360, 1, 45000, 3, '2016-08-09 05:00:00', '2016-08-09 06:30:00'),
(361, 7, 45000, 3, '2016-07-31 03:00:00', '2016-07-31 04:30:00'),
(362, 3, 45000, 2, '2016-07-22 07:00:00', '2016-07-22 08:30:00'),
(363, 4, 45000, 1, '2016-08-05 09:00:00', '2016-08-05 10:30:00'),
(364, 7, 45000, 3, '2016-07-31 05:00:00', '2016-07-31 06:30:00'),
(365, 7, 50000, 3, '2016-07-16 11:00:00', '2016-07-16 12:30:00'),
(366, 4, 45000, 1, '2016-08-05 11:00:00', '2016-08-05 12:30:00'),
(367, 7, 45000, 3, '2016-07-31 07:00:00', '2016-07-31 08:30:00'),
(368, 1, 45000, 3, '2016-07-22 07:00:00', '2016-07-22 08:30:00'),
(369, 7, 45000, 3, '2016-07-31 09:00:00', '2016-07-31 10:30:00'),
(370, 4, 50000, 4, '2016-07-16 03:00:00', '2016-07-16 04:30:00'),
(371, 7, 45000, 3, '2016-07-31 11:00:00', '2016-07-31 12:30:00'),
(372, 1, 45000, 2, '2016-08-05 03:00:00', '2016-08-05 04:30:00'),
(373, 2, 45000, 4, '2016-07-22 07:00:00', '2016-07-22 08:30:00'),
(374, 4, 50000, 4, '2016-07-16 05:00:00', '2016-07-16 06:30:00'),
(375, 2, 45000, 4, '2016-07-31 03:00:00', '2016-07-31 04:30:00'),
(376, 1, 45000, 2, '2016-08-05 05:00:00', '2016-08-05 06:30:00'),
(377, 4, 50000, 4, '2016-07-16 07:00:00', '2016-07-16 08:30:00'),
(379, 7, 45000, 4, '2016-08-09 05:00:00', '2016-08-09 06:30:00'),
(380, 4, 50000, 4, '2016-07-16 09:00:00', '2016-07-16 10:30:00'),
(381, 2, 45000, 4, '2016-07-31 05:00:00', '2016-07-31 06:30:00'),
(382, 4, 50000, 4, '2016-07-16 11:00:00', '2016-07-16 12:30:00'),
(383, 2, 45000, 4, '2016-07-31 07:00:00', '2016-07-31 08:30:00'),
(384, 2, 45000, 4, '2016-07-31 09:00:00', '2016-07-31 10:30:00'),
(385, 6, 45000, 1, '2016-07-22 09:00:00', '2016-07-22 10:30:00'),
(386, 1, 45000, 2, '2016-08-05 07:00:00', '2016-08-05 08:30:00'),
(387, 2, 45000, 4, '2016-07-31 11:00:00', '2016-07-31 12:30:00'),
(388, 4, 45000, 1, '2016-08-09 07:00:00', '2016-08-09 08:30:00'),
(389, 3, 45000, 2, '2016-07-22 09:00:00', '2016-07-22 10:30:00'),
(390, 1, 45000, 2, '2016-08-05 09:00:00', '2016-08-05 10:30:00'),
(391, 3, 50000, 1, '2016-07-17 03:00:00', '2016-07-17 04:30:00'),
(392, 1, 45000, 2, '2016-08-09 07:00:00', '2016-08-09 08:30:00'),
(393, 3, 50000, 1, '2016-07-17 05:00:00', '2016-07-17 06:30:00'),
(394, 1, 45000, 3, '2016-07-22 09:00:00', '2016-07-22 10:30:00'),
(395, 1, 45000, 2, '2016-08-05 11:00:00', '2016-08-05 12:30:00'),
(396, 7, 45000, 3, '2016-08-09 07:00:00', '2016-08-09 08:30:00'),
(398, 2, 45000, 4, '2016-08-09 07:00:00', '2016-08-09 08:30:00'),
(399, 7, 45000, 3, '2016-08-05 03:00:00', '2016-08-05 04:30:00'),
(400, 3, 50000, 1, '2016-07-17 09:00:00', '2016-07-17 10:30:00'),
(401, 7, 45000, 3, '2016-08-05 05:00:00', '2016-08-05 06:30:00'),
(402, 2, 45000, 4, '2016-07-22 09:00:00', '2016-07-22 10:30:00'),
(403, 3, 45000, 1, '2016-08-09 09:00:00', '2016-08-09 10:30:00'),
(404, 3, 50000, 1, '2016-07-17 11:00:00', '2016-07-17 12:30:00'),
(405, 2, 45000, 2, '2016-08-09 09:00:00', '2016-08-09 10:30:00'),
(406, 1, 45000, 3, '2016-08-09 09:00:00', '2016-08-09 10:30:00'),
(407, 3, 50000, 1, '2016-07-17 07:00:00', '2016-07-17 08:30:00'),
(408, 4, 45000, 4, '2016-08-09 09:00:00', '2016-08-09 10:30:00'),
(409, 7, 45000, 3, '2016-08-05 07:00:00', '2016-08-05 08:30:00'),
(410, 7, 45000, 3, '2016-08-05 09:00:00', '2016-08-05 10:30:00'),
(411, 6, 45000, 1, '2016-07-22 11:00:00', '2016-07-22 12:30:00'),
(412, 7, 45000, 3, '2016-08-05 11:00:00', '2016-08-05 12:30:00'),
(413, 3, 45000, 2, '2016-07-22 11:00:00', '2016-07-22 12:30:00'),
(414, 4, 45000, 1, '2016-08-09 11:00:00', '2016-08-09 12:30:00'),
(415, 1, 45000, 3, '2016-07-22 11:00:00', '2016-07-22 12:30:00'),
(416, 7, 45000, 2, '2016-08-09 11:00:00', '2016-08-09 12:30:00'),
(417, 4, 45000, 1, '2016-08-01 03:00:00', '2016-08-01 04:30:00'),
(418, 3, 45000, 3, '2016-08-09 11:00:00', '2016-08-09 12:30:00'),
(419, 2, 45000, 4, '2016-08-05 03:00:00', '2016-08-05 04:30:00'),
(420, 2, 45000, 4, '2016-07-22 11:00:00', '2016-07-22 12:30:00'),
(421, 2, 45000, 4, '2016-08-05 05:00:00', '2016-08-05 06:30:00'),
(422, 2, 45000, 4, '2016-08-05 07:00:00', '2016-08-05 08:30:00'),
(423, 2, 45000, 4, '2016-08-05 09:00:00', '2016-08-05 10:30:00'),
(424, 2, 50000, 2, '2016-07-17 03:00:00', '2016-07-17 04:30:00'),
(425, 2, 45000, 4, '2016-08-05 11:00:00', '2016-08-05 12:30:00'),
(426, 2, 50000, 2, '2016-07-17 05:00:00', '2016-07-17 06:30:00'),
(427, 2, 50000, 2, '2016-07-17 07:00:00', '2016-07-17 08:30:00'),
(428, 2, 50000, 2, '2016-07-17 09:00:00', '2016-07-17 10:30:00'),
(429, 6, 45000, 4, '2016-08-09 11:00:00', '2016-08-09 12:30:00'),
(430, 2, 50000, 2, '2016-07-17 11:00:00', '2016-07-17 12:30:00'),
(431, 6, 50000, 1, '2016-07-23 03:00:00', '2016-07-23 04:30:00'),
(432, 4, 45000, 1, '2016-08-01 05:00:00', '2016-08-01 06:30:00'),
(433, 7, 50000, 3, '2016-07-17 03:00:00', '2016-07-17 04:30:00'),
(434, 4, 45000, 1, '2016-08-01 07:00:00', '2016-08-01 08:30:00'),
(435, 4, 50000, 2, '2016-07-23 03:00:00', '2016-07-23 04:30:00'),
(436, 4, 45000, 1, '2016-08-01 09:00:00', '2016-08-01 10:30:00'),
(437, 4, 45000, 1, '2016-08-01 11:00:00', '2016-08-01 12:30:00'),
(438, 1, 45000, 2, '2016-08-01 03:00:00', '2016-08-01 04:30:00'),
(439, 1, 45000, 2, '2016-08-01 05:00:00', '2016-08-01 06:30:00'),
(440, 1, 45000, 2, '2016-08-01 07:00:00', '2016-08-01 08:30:00'),
(441, 1, 45000, 2, '2016-08-01 09:00:00', '2016-08-01 10:30:00'),
(442, 1, 50000, 3, '2016-07-23 03:00:00', '2016-07-23 04:30:00'),
(443, 1, 45000, 2, '2016-08-01 11:00:00', '2016-08-01 12:30:00'),
(444, 7, 50000, 3, '2016-07-17 05:00:00', '2016-07-17 06:30:00'),
(445, 7, 50000, 3, '2016-07-17 07:00:00', '2016-07-17 08:30:00'),
(446, 7, 50000, 3, '2016-07-17 09:00:00', '2016-07-17 10:30:00'),
(447, 7, 45000, 3, '2016-08-01 03:00:00', '2016-08-01 04:30:00'),
(449, 7, 45000, 3, '2016-08-01 05:00:00', '2016-08-01 06:30:00'),
(450, 7, 50000, 3, '2016-07-17 11:00:00', '2016-07-17 12:30:00'),
(451, 4, 50000, 4, '2016-07-17 03:00:00', '2016-07-17 04:30:00'),
(452, 2, 50000, 4, '2016-07-23 03:00:00', '2016-07-23 04:30:00'),
(453, 4, 50000, 4, '2016-07-17 05:00:00', '2016-07-17 06:30:00'),
(454, 4, 45000, 1, '2016-08-06 03:00:00', '2016-08-06 04:30:00'),
(455, 4, 50000, 4, '2016-07-17 07:00:00', '2016-07-17 08:30:00'),
(456, 4, 45000, 1, '2016-08-06 05:00:00', '2016-08-06 06:30:00'),
(457, 4, 50000, 4, '2016-07-17 09:00:00', '2016-07-17 10:30:00'),
(459, 6, 50000, 1, '2016-07-23 05:00:00', '2016-07-23 06:30:00'),
(460, 4, 50000, 4, '2016-07-17 11:00:00', '2016-07-17 12:30:00'),
(461, 4, 50000, 2, '2016-07-23 05:00:00', '2016-07-23 06:30:00'),
(462, 1, 50000, 3, '2016-07-23 05:00:00', '2016-07-23 06:30:00'),
(463, 7, 45000, 3, '2016-08-01 07:00:00', '2016-08-01 08:30:00'),
(464, 3, 45000, 1, '2016-07-18 03:00:00', '2016-07-18 04:30:00'),
(465, 7, 45000, 3, '2016-08-01 09:00:00', '2016-08-01 10:30:00'),
(466, 3, 45000, 1, '2016-07-18 05:00:00', '2016-07-18 06:30:00'),
(467, 2, 50000, 4, '2016-07-23 05:00:00', '2016-07-23 06:30:00'),
(468, 4, 45000, 1, '2016-08-06 07:00:00', '2016-08-06 08:30:00'),
(470, 3, 45000, 1, '2016-07-18 07:00:00', '2016-07-18 08:30:00'),
(471, 7, 45000, 3, '2016-08-01 11:00:00', '2016-08-01 12:30:00'),
(472, 6, 50000, 1, '2016-07-23 07:00:00', '2016-07-23 08:30:00'),
(473, 7, 45000, 1, '2016-08-10 03:00:00', '2016-08-10 04:30:00'),
(474, 1, 45000, 2, '2016-08-10 03:00:00', '2016-08-10 04:30:00'),
(475, 2, 45000, 4, '2016-08-01 03:00:00', '2016-08-01 04:30:00'),
(476, 4, 50000, 2, '2016-07-23 07:00:00', '2016-07-23 08:30:00'),
(477, 2, 45000, 4, '2016-08-01 05:00:00', '2016-08-01 06:30:00'),
(478, 2, 45000, 3, '2016-08-10 03:00:00', '2016-08-10 04:30:00'),
(479, 2, 45000, 4, '2016-08-01 07:00:00', '2016-08-01 08:30:00'),
(480, 2, 45000, 4, '2016-08-01 09:00:00', '2016-08-01 10:30:00'),
(481, 6, 45000, 4, '2016-08-10 03:00:00', '2016-08-10 04:30:00'),
(482, 2, 45000, 4, '2016-08-01 11:00:00', '2016-08-01 12:30:00'),
(483, 3, 45000, 1, '2016-07-18 09:00:00', '2016-07-18 10:30:00'),
(484, 1, 50000, 3, '2016-07-23 07:00:00', '2016-07-23 08:30:00'),
(485, 3, 45000, 1, '2016-07-18 11:00:00', '2016-07-18 12:30:00'),
(486, 2, 50000, 4, '2016-07-23 07:00:00', '2016-07-23 08:30:00'),
(487, 7, 45000, 1, '2016-08-10 05:00:00', '2016-08-10 06:30:00'),
(488, 2, 45000, 2, '2016-07-18 03:00:00', '2016-07-18 04:30:00'),
(489, 6, 50000, 1, '2016-07-23 09:00:00', '2016-07-23 10:30:00'),
(490, 4, 45000, 2, '2016-08-10 05:00:00', '2016-08-10 06:30:00'),
(491, 2, 45000, 2, '2016-07-18 05:00:00', '2016-07-18 06:30:00'),
(492, 2, 45000, 3, '2016-08-10 05:00:00', '2016-08-10 06:30:00'),
(493, 4, 50000, 2, '2016-07-23 09:00:00', '2016-07-23 10:30:00'),
(494, 3, 45000, 4, '2016-08-10 05:00:00', '2016-08-10 06:30:00'),
(495, 2, 45000, 2, '2016-07-18 07:00:00', '2016-07-18 08:30:00'),
(496, 1, 50000, 3, '2016-07-23 09:00:00', '2016-07-23 10:30:00'),
(497, 2, 45000, 1, '2016-08-10 07:00:00', '2016-08-10 08:30:00'),
(498, 2, 45000, 2, '2016-07-18 09:00:00', '2016-07-18 10:30:00'),
(499, 3, 50000, 4, '2016-07-23 09:00:00', '2016-07-23 10:30:00'),
(500, 2, 45000, 2, '2016-07-18 11:00:00', '2016-07-18 12:30:00'),
(501, 6, 50000, 1, '2016-07-23 11:00:00', '2016-07-23 12:30:00'),
(502, 2, 45000, 2, '2016-08-10 07:00:00', '2016-08-10 08:30:00'),
(503, 2, 45000, 3, '2016-08-10 07:00:00', '2016-08-10 08:30:00'),
(504, 4, 50000, 2, '2016-07-23 11:00:00', '2016-07-23 12:30:00'),
(505, 7, 45000, 3, '2016-07-18 03:00:00', '2016-07-18 04:30:00'),
(506, 6, 45000, 4, '2016-08-10 07:00:00', '2016-08-10 08:30:00'),
(507, 7, 45000, 3, '2016-07-18 05:00:00', '2016-07-18 06:30:00'),
(508, 2, 50000, 3, '2016-07-23 11:00:00', '2016-07-23 12:30:00'),
(509, 4, 45000, 1, '2016-08-06 09:00:00', '2016-08-06 10:30:00'),
(510, 1, 45000, 1, '2016-08-10 09:00:00', '2016-08-10 10:30:00'),
(511, 4, 45000, 1, '2016-07-28 03:00:00', '2016-07-28 04:30:00'),
(512, 7, 45000, 3, '2016-07-18 07:00:00', '2016-07-18 08:30:00'),
(513, 2, 45000, 2, '2016-08-10 09:00:00', '2016-08-10 10:30:00'),
(514, 4, 45000, 1, '2016-07-28 05:00:00', '2016-07-28 06:30:00'),
(515, 4, 45000, 1, '2016-08-06 11:00:00', '2016-08-06 12:30:00'),
(516, 7, 45000, 3, '2016-07-18 09:00:00', '2016-07-18 10:30:00'),
(518, 3, 50000, 4, '2016-07-23 11:00:00', '2016-07-23 12:30:00'),
(519, 4, 45000, 1, '2016-07-28 07:00:00', '2016-07-28 08:30:00'),
(520, 7, 45000, 3, '2016-07-18 11:00:00', '2016-07-18 12:30:00'),
(521, 4, 45000, 1, '2016-07-28 09:00:00', '2016-07-28 10:30:00'),
(522, 1, 45000, 2, '2016-08-06 03:00:00', '2016-08-06 04:30:00'),
(523, 1, 45000, 3, '2016-08-10 09:00:00', '2016-08-10 10:30:00'),
(524, 4, 45000, 1, '2016-07-28 11:00:00', '2016-07-28 12:30:00'),
(525, 1, 45000, 2, '2016-07-28 03:00:00', '2016-07-28 04:30:00'),
(526, 1, 45000, 2, '2016-07-28 05:00:00', '2016-07-28 06:30:00'),
(527, 1, 45000, 2, '2016-07-28 07:00:00', '2016-07-28 08:30:00'),
(528, 4, 45000, 4, '2016-07-18 03:00:00', '2016-07-18 04:30:00'),
(529, 4, 50000, 1, '2016-07-24 03:00:00', '2016-07-24 04:30:00'),
(530, 1, 45000, 2, '2016-07-28 09:00:00', '2016-07-28 10:30:00'),
(531, 1, 45000, 2, '2016-08-06 05:00:00', '2016-08-06 06:30:00'),
(532, 3, 45000, 4, '2016-08-10 09:00:00', '2016-08-10 10:30:00'),
(533, 4, 45000, 4, '2016-07-13 05:00:00', '2016-07-18 06:30:00'),
(534, 1, 50000, 2, '2016-07-24 03:00:00', '2016-07-24 04:30:00'),
(535, 4, 45000, 4, '2016-07-18 07:00:00', '2016-07-18 08:30:00'),
(536, 2, 50000, 3, '2016-07-24 03:00:00', '2016-07-24 04:30:00'),
(537, 4, 45000, 4, '2016-07-18 11:00:00', '2016-07-18 12:30:00'),
(538, 7, 45000, 1, '2016-08-10 11:00:00', '2016-08-10 12:30:00'),
(539, 3, 45000, 2, '2016-08-10 11:00:00', '2016-08-10 12:30:00'),
(540, 6, 50000, 4, '2016-07-24 03:00:00', '2016-07-24 04:30:00'),
(541, 7, 45000, 3, '2016-08-10 11:00:00', '2016-08-10 12:30:00'),
(542, 3, 45000, 4, '2016-08-10 11:00:00', '2016-08-10 12:30:00'),
(543, 4, 45000, 4, '2016-07-18 05:00:00', '2016-07-18 06:30:00'),
(544, 4, 45000, 4, '2016-07-18 09:00:00', '2016-07-18 10:30:00'),
(545, 1, 45000, 2, '2016-07-28 11:00:00', '2016-07-28 12:30:00'),
(546, 7, 45000, 3, '2016-07-28 03:00:00', '2016-07-28 04:30:00'),
(547, 2, 45000, 1, '2016-08-11 03:00:00', '2016-08-11 04:30:00'),
(549, 4, 50000, 1, '2016-07-24 05:00:00', '2016-07-24 06:30:00'),
(550, 7, 45000, 3, '2016-07-28 05:00:00', '2016-07-28 06:30:00'),
(552, 7, 45000, 3, '2016-07-28 07:00:00', '2016-07-28 08:30:00'),
(553, 1, 45000, 2, '2016-08-06 09:00:00', '2016-08-06 10:30:00'),
(554, 1, 50000, 2, '2016-07-24 05:00:00', '2016-07-24 06:30:00'),
(555, 7, 45000, 3, '2016-07-28 09:00:00', '2016-07-28 10:30:00'),
(556, 7, 45000, 3, '2016-07-28 11:00:00', '2016-07-28 12:30:00'),
(557, 2, 50000, 3, '2016-07-24 05:00:00', '2016-07-24 06:30:00'),
(558, 1, 45000, 2, '2016-08-06 11:00:00', '2016-08-06 12:30:00'),
(559, 1, 45000, 3, '2016-08-11 03:00:00', '2016-08-11 04:30:00'),
(560, 2, 45000, 4, '2016-07-28 03:00:00', '2016-07-28 04:30:00'),
(561, 2, 45000, 4, '2016-07-28 05:00:00', '2016-07-28 06:30:00'),
(562, 3, 45000, 4, '2016-08-11 03:00:00', '2016-08-11 04:30:00'),
(563, 2, 45000, 4, '2016-07-28 07:00:00', '2016-07-28 08:30:00'),
(564, 2, 45000, 4, '2016-07-28 09:00:00', '2016-07-28 10:30:00'),
(565, 2, 45000, 4, '2016-07-28 11:00:00', '2016-07-28 12:30:00'),
(566, 1, 45000, 2, '2016-08-06 07:00:00', '2016-08-06 08:30:00'),
(567, 6, 50000, 4, '2016-07-24 05:00:00', '2016-07-24 06:30:00'),
(568, 4, 50000, 1, '2016-07-24 07:00:00', '2016-07-24 08:30:00'),
(569, 7, 45000, 3, '2016-08-06 03:00:00', '2016-08-06 04:30:00'),
(570, 1, 45000, 1, '2016-08-11 05:00:00', '2016-08-11 06:30:00'),
(571, 4, 45000, 2, '2016-08-11 05:00:00', '2016-08-11 06:30:00'),
(573, 1, 45000, 3, '2016-08-11 05:00:00', '2016-08-11 06:30:00'),
(575, 2, 45000, 4, '2016-08-11 05:00:00', '2016-08-11 06:30:00'),
(576, 1, 45000, 1, '2016-08-11 07:00:00', '2016-08-11 08:30:00'),
(577, 7, 45000, 3, '2016-08-06 05:00:00', '2016-08-06 06:30:00'),
(578, 7, 45000, 2, '2016-08-11 07:00:00', '2016-08-11 08:30:00'),
(579, 7, 45000, 3, '2016-08-11 07:00:00', '2016-08-11 08:30:00'),
(580, 1, 50000, 2, '2016-07-24 07:00:00', '2016-07-24 08:30:00'),
(581, 1, 45000, 3, '2016-08-11 07:00:00', '2016-08-11 08:30:00'),
(582, 3, 45000, 4, '2016-08-11 07:00:00', '2016-08-11 08:30:00'),
(583, 7, 45000, 3, '2016-08-06 07:00:00', '2016-08-06 08:30:00'),
(584, 2, 50000, 3, '2016-07-24 07:00:00', '2016-07-24 08:30:00'),
(585, 7, 45000, 3, '2016-08-06 09:00:00', '2016-08-06 10:30:00'),
(586, 6, 50000, 4, '2016-07-24 07:00:00', '2016-07-24 08:30:00'),
(587, 7, 45000, 3, '2016-08-06 11:00:00', '2016-08-06 12:30:00'),
(588, 4, 50000, 1, '2016-07-24 09:00:00', '2016-07-24 10:30:00'),
(589, 2, 45000, 4, '2016-08-06 03:00:00', '2016-08-06 04:30:00'),
(590, 2, 45000, 1, '2016-08-11 09:00:00', '2016-08-11 10:30:00'),
(591, 2, 45000, 4, '2016-08-06 05:00:00', '2016-08-06 06:30:00'),
(592, 3, 45000, 2, '2016-08-11 09:00:00', '2016-08-11 10:30:00'),
(593, 3, 50000, 2, '2016-07-24 09:00:00', '2016-07-24 10:30:00'),
(594, 6, 45000, 3, '2016-08-11 09:00:00', '2016-08-11 10:30:00'),
(595, 3, 45000, 4, '2016-08-11 09:00:00', '2016-08-11 10:30:00'),
(596, 2, 45000, 1, '2016-08-11 11:00:00', '2016-08-11 12:30:00'),
(598, 2, 45000, 4, '2016-08-06 07:00:00', '2016-08-06 08:30:00'),
(599, 3, 50000, 3, '2016-07-24 09:00:00', '2016-07-24 10:30:00'),
(600, 6, 50000, 4, '2016-07-24 09:00:00', '2016-07-24 10:30:00'),
(601, 4, 50000, 1, '2016-07-24 11:00:00', '2016-07-24 12:30:00'),
(602, 2, 45000, 4, '2016-08-06 09:00:00', '2016-08-06 10:30:00'),
(603, 1, 45000, 2, '2016-08-11 11:00:00', '2016-08-11 12:30:00'),
(604, 4, 45000, 1, '2016-07-29 03:00:00', '2016-07-29 04:30:00'),
(605, 2, 45000, 4, '2016-08-06 11:00:00', '2016-08-06 12:30:00'),
(606, 3, 50000, 2, '2016-07-24 11:00:00', '2016-07-24 12:30:00'),
(607, 6, 45000, 3, '2016-08-11 11:00:00', '2016-08-11 12:30:00'),
(608, 4, 45000, 1, '2016-07-29 05:00:00', '2016-07-29 06:30:00'),
(609, 4, 45000, 4, '2016-08-11 11:00:00', '2016-08-11 12:30:00'),
(610, 3, 50000, 3, '2016-07-24 11:00:00', '2016-07-24 12:30:00'),
(611, 4, 45000, 1, '2016-07-29 07:00:00', '2016-07-29 08:30:00'),
(612, 4, 45000, 1, '2016-08-07 03:00:00', '2016-08-07 04:30:00'),
(613, 4, 45000, 1, '2016-07-29 09:00:00', '2016-07-29 10:30:00'),
(614, 4, 45000, 1, '2016-08-07 05:00:00', '2016-08-07 06:30:00'),
(615, 4, 45000, 1, '2016-07-29 11:00:00', '2016-07-29 12:30:00'),
(616, 6, 50000, 4, '2016-07-24 11:00:00', '2016-07-24 12:30:00'),
(618, 3, 45000, 1, '2016-08-12 03:00:00', '2016-08-12 04:30:00'),
(619, 1, 45000, 2, '2016-07-29 03:00:00', '2016-07-29 04:30:00'),
(620, 6, 45000, 2, '2016-08-12 03:00:00', '2016-08-12 04:30:00'),
(621, 1, 45000, 2, '2016-07-29 05:00:00', '2016-07-29 06:30:00'),
(622, 1, 45000, 2, '2016-07-29 07:00:00', '2016-07-29 08:30:00'),
(623, 4, 45000, 1, '2016-08-07 07:00:00', '2016-08-07 08:30:00'),
(624, 1, 45000, 2, '2016-07-29 09:00:00', '2016-07-29 10:30:00'),
(625, 1, 45000, 1, '2016-07-25 03:00:00', '2016-07-25 04:30:00'),
(626, 1, 45000, 2, '2016-07-29 11:00:00', '2016-07-29 12:30:00'),
(627, 6, 45000, 3, '2016-08-12 03:00:00', '2016-08-12 04:30:00'),
(628, 4, 45000, 1, '2016-08-07 09:00:00', '2016-08-07 10:30:00'),
(629, 4, 45000, 4, '2016-08-12 03:00:00', '2016-08-12 04:30:00'),
(630, 7, 45000, 3, '2016-07-29 03:00:00', '2016-07-29 04:30:00'),
(631, 2, 45000, 2, '2016-07-25 03:00:00', '2016-07-25 04:30:00'),
(632, 2, 45000, 1, '2016-08-12 05:00:00', '2016-08-12 06:30:00'),
(633, 4, 45000, 2, '2016-08-12 05:00:00', '2016-08-12 06:30:00'),
(634, 4, 50000, 1, '2016-08-07 11:00:00', '2016-08-07 12:30:00'),
(635, 3, 45000, 3, '2016-08-12 05:00:00', '2016-08-12 06:30:00'),
(636, 7, 45000, 3, '2016-07-25 03:00:00', '2016-07-25 04:30:00'),
(637, 3, 45000, 4, '2016-08-12 05:00:00', '2016-08-12 06:30:00'),
(638, 7, 45000, 1, '2016-08-12 07:00:00', '2016-08-12 08:30:00'),
(639, 4, 45000, 2, '2016-08-12 07:00:00', '2016-08-12 08:30:00'),
(640, 6, 45000, 4, '2016-07-25 03:00:00', '2016-07-25 04:30:00'),
(641, 6, 45000, 3, '2016-08-12 07:00:00', '2016-08-12 08:30:00'),
(642, 7, 45000, 3, '2016-07-29 05:00:00', '2016-07-29 06:30:00'),
(643, 3, 45000, 4, '2016-08-12 07:00:00', '2016-08-12 08:30:00'),
(644, 7, 45000, 3, '2016-07-29 07:00:00', '2016-07-29 08:30:00'),
(645, 7, 45000, 3, '2016-07-29 09:00:00', '2016-07-29 10:30:00'),
(646, 3, 45000, 1, '2016-08-12 09:00:00', '2016-08-12 10:30:00'),
(647, 7, 45000, 3, '2016-07-29 11:00:00', '2016-07-29 12:30:00'),
(648, 1, 45000, 1, '2016-07-25 05:00:00', '2016-07-25 06:30:00'),
(649, 7, 45000, 2, '2016-08-12 09:00:00', '2016-08-12 10:30:00'),
(650, 1, 50000, 2, '2016-08-07 03:00:00', '2016-08-07 04:30:00'),
(651, 2, 45000, 3, '2016-08-12 09:00:00', '2016-08-12 10:30:00'),
(652, 2, 45000, 4, '2016-08-12 09:00:00', '2016-08-12 10:30:00'),
(653, 2, 45000, 2, '2016-07-25 05:00:00', '2016-07-25 06:30:00'),
(654, 3, 45000, 1, '2016-08-12 11:00:00', '2016-08-12 12:30:00'),
(655, 1, 50000, 2, '2016-08-07 05:00:00', '2016-08-07 06:30:00'),
(657, 1, 50000, 2, '2016-08-07 07:00:00', '2016-08-07 08:30:00'),
(658, 7, 45000, 3, '2016-07-25 05:00:00', '2016-07-25 06:30:00'),
(659, 2, 45000, 2, '2016-08-12 11:00:00', '2016-08-12 12:30:00'),
(660, 1, 50000, 2, '2016-08-07 09:00:00', '2016-08-07 10:30:00'),
(661, 6, 45000, 4, '2016-07-25 05:00:00', '2016-07-25 06:30:00'),
(662, 7, 45000, 3, '2016-08-12 11:00:00', '2016-08-12 12:30:00'),
(663, 2, 45000, 4, '2016-08-12 11:00:00', '2016-08-12 12:30:00'),
(664, 1, 50000, 2, '2016-08-07 11:00:00', '2016-08-07 12:30:00'),
(665, 2, 45000, 4, '2016-07-29 03:00:00', '2016-07-29 04:30:00'),
(666, 1, 45000, 1, '2016-07-25 07:00:00', '2016-07-25 08:30:00'),
(667, 1, 50000, 1, '2016-08-13 03:00:00', '2016-08-13 04:30:00'),
(668, 4, 50000, 2, '2016-08-13 03:00:00', '2016-08-13 04:30:00'),
(669, 7, 50000, 3, '2016-08-07 03:00:00', '2016-08-07 04:30:00'),
(671, 2, 45000, 4, '2016-07-29 05:00:00', '2016-07-29 06:30:00'),
(672, 3, 50000, 1, '2016-08-13 05:00:00', '2016-08-13 06:30:00'),
(673, 2, 45000, 4, '2016-07-29 07:00:00', '2016-07-29 08:30:00'),
(674, 2, 45000, 2, '2016-07-25 07:00:00', '2016-07-25 08:30:00'),
(675, 2, 45000, 4, '2016-07-29 09:00:00', '2016-07-29 10:30:00'),
(676, 2, 45000, 4, '2016-07-29 11:00:00', '2016-07-29 12:30:00'),
(677, 7, 45000, 3, '2016-07-25 07:00:00', '2016-07-25 08:30:00'),
(678, 2, 50000, 3, '2016-08-13 03:00:00', '2016-08-13 04:30:00'),
(679, 6, 45000, 4, '2016-07-25 07:00:00', '2016-07-25 08:30:00'),
(680, 7, 50000, 3, '2016-08-07 05:00:00', '2016-08-07 06:30:00'),
(681, 7, 50000, 3, '2016-08-07 07:00:00', '2016-08-07 08:30:00'),
(682, 1, 45000, 1, '2016-07-25 09:00:00', '2016-07-25 10:30:00'),
(683, 6, 45000, 4, '2016-08-13 03:00:00', '2016-08-13 04:30:00'),
(684, 2, 45000, 2, '2016-07-25 09:00:00', '2016-07-25 10:30:00'),
(685, 7, 50000, 3, '2016-08-07 09:00:00', '2016-08-07 10:30:00'),
(686, 7, 50000, 2, '2016-08-13 05:00:00', '2016-08-13 06:30:00'),
(687, 7, 45000, 3, '2016-07-25 09:00:00', '2016-07-25 10:30:00'),
(688, 4, 45000, 1, '2016-07-30 03:00:00', '2016-07-30 04:30:00'),
(689, 2, 50000, 3, '2016-08-13 05:00:00', '2016-08-13 06:30:00'),
(690, 6, 45000, 4, '2016-07-25 09:00:00', '2016-07-25 10:30:00'),
(691, 4, 45000, 1, '2016-07-30 05:00:00', '2016-07-30 06:30:00'),
(692, 3, 50000, 4, '2016-08-13 05:00:00', '2016-08-13 06:30:00'),
(693, 4, 45000, 1, '2016-07-30 07:00:00', '2016-07-30 08:30:00'),
(694, 4, 45000, 1, '2016-07-30 09:00:00', '2016-07-30 10:30:00'),
(695, 1, 45000, 1, '2016-07-25 11:00:00', '2016-07-25 12:30:00'),
(696, 7, 50000, 3, '2016-08-07 11:00:00', '2016-08-07 12:30:00'),
(697, 4, 45000, 1, '2016-07-30 11:00:00', '2016-07-30 12:30:00'),
(698, 2, 45000, 2, '2016-07-25 11:00:00', '2016-07-25 12:30:00'),
(699, 2, 50000, 4, '2016-08-07 03:00:00', '2016-08-07 04:30:00'),
(700, 1, 45000, 2, '2016-07-30 03:00:00', '2016-07-30 04:30:00'),
(701, 7, 45000, 3, '2016-07-25 11:00:00', '2016-07-25 12:30:00'),
(702, 1, 45000, 2, '2016-07-30 05:00:00', '2016-07-30 06:30:00'),
(703, 1, 50000, 1, '2016-08-13 07:00:00', '2016-08-13 08:30:00'),
(704, 2, 50000, 4, '2016-08-07 05:00:00', '2016-08-07 06:30:00'),
(705, 1, 45000, 2, '2016-07-30 07:00:00', '2016-07-30 08:30:00'),
(706, 4, 50000, 2, '2016-08-13 07:00:00', '2016-08-13 08:30:00'),
(707, 2, 50000, 4, '2016-08-07 07:00:00', '2016-08-07 08:30:00'),
(708, 6, 45000, 4, '2016-07-25 11:00:00', '2016-07-25 12:30:00'),
(709, 7, 50000, 3, '2016-08-13 07:00:00', '2016-08-13 08:30:00'),
(710, 3, 50000, 4, '2016-08-13 07:00:00', '2016-08-13 08:30:00'),
(711, 2, 50000, 4, '2016-08-07 09:00:00', '2016-08-07 10:30:00'),
(712, 6, 50000, 1, '2016-08-13 09:00:00', '2016-08-13 10:30:00'),
(713, 1, 45000, 2, '2016-07-30 09:00:00', '2016-07-30 10:30:00'),
(714, 7, 50000, 2, '2016-08-13 09:00:00', '2016-08-13 10:30:00'),
(715, 2, 50000, 4, '2016-08-07 11:00:00', '2016-08-07 12:30:00'),
(716, 3, 50000, 3, '2016-08-13 09:00:00', '2016-08-13 10:30:00'),
(717, 1, 45000, 2, '2016-07-30 11:00:00', '2016-07-30 12:30:00'),
(718, 3, 50000, 4, '2016-08-13 09:00:00', '2016-08-13 10:30:00'),
(719, 6, 50000, 1, '2016-08-13 11:00:00', '2016-08-13 12:30:00'),
(720, 7, 45000, 3, '2016-07-30 03:00:00', '2016-07-30 04:30:00'),
(721, 1, 50000, 2, '2016-08-13 11:00:00', '2016-08-13 12:30:00'),
(722, 7, 45000, 3, '2016-07-30 05:00:00', '2016-07-30 06:30:00'),
(723, 2, 50000, 3, '2016-08-13 11:00:00', '2016-08-13 12:30:00'),
(724, 7, 45000, 3, '2016-07-30 07:00:00', '2016-07-30 08:30:00'),
(725, 7, 50000, 4, '2016-08-13 11:00:00', '2016-08-13 12:30:00'),
(726, 7, 45000, 3, '2016-07-30 09:00:00', '2016-07-30 10:30:00'),
(727, 7, 45000, 3, '2016-07-30 11:00:00', '2016-07-30 12:30:00'),
(728, 2, 45000, 4, '2016-07-30 03:00:00', '2016-07-30 04:30:00'),
(729, 2, 45000, 4, '2016-07-30 05:00:00', '2016-07-30 06:30:00'),
(730, 2, 45000, 4, '2016-07-30 07:00:00', '2016-07-30 08:30:00'),
(731, 2, 45000, 4, '2016-07-30 09:00:00', '2016-07-30 10:30:00'),
(732, 2, 45000, 4, '2016-07-30 11:00:00', '2016-07-30 12:30:00'),
(733, 7, 50000, 2, '2016-07-12 09:00:00', '2016-07-12 10:30:00');

--
-- Indexes for dumped tables
--

--
-- Indexes for table `tblAdmin`
--
ALTER TABLE `tblAdmin`
  ADD PRIMARY KEY (`kode_admin`),
  ADD UNIQUE KEY `username_admin` (`username_admin`);

--
-- Indexes for table `tblGenre`
--
ALTER TABLE `tblGenre`
  ADD PRIMARY KEY (`id_genre`);

--
-- Indexes for table `tblKategori`
--
ALTER TABLE `tblKategori`
  ADD PRIMARY KEY (`id_kategori`);

--
-- Indexes for table `tblMasterFilm`
--
ALTER TABLE `tblMasterFilm`
  ADD PRIMARY KEY (`kode_film`),
  ADD KEY `id_genre` (`id_genre`),
  ADD KEY `id_kategori` (`id_kategori`);

--
-- Indexes for table `tblPelanggan`
--
ALTER TABLE `tblPelanggan`
  ADD PRIMARY KEY (`kode_pelanggan`);

--
-- Indexes for table `tblPemesanan`
--
ALTER TABLE `tblPemesanan`
  ADD PRIMARY KEY (`kode_pemesanan`),
  ADD KEY `kode_pelanggan` (`kode_pelanggan`),
  ADD KEY `kode_tayangan` (`kode_tayangan`);

--
-- Indexes for table `tblTayangan`
--
ALTER TABLE `tblTayangan`
  ADD PRIMARY KEY (`kode_tayangan`),
  ADD KEY `kode_film` (`kode_film`);

--
-- AUTO_INCREMENT for dumped tables
--

--
-- AUTO_INCREMENT for table `tblAdmin`
--
ALTER TABLE `tblAdmin`
  MODIFY `kode_admin` int(11) NOT NULL AUTO_INCREMENT, AUTO_INCREMENT=7;
--
-- AUTO_INCREMENT for table `tblGenre`
--
ALTER TABLE `tblGenre`
  MODIFY `id_genre` int(11) NOT NULL AUTO_INCREMENT, AUTO_INCREMENT=18;
--
-- AUTO_INCREMENT for table `tblKategori`
--
ALTER TABLE `tblKategori`
  MODIFY `id_kategori` int(11) NOT NULL AUTO_INCREMENT, AUTO_INCREMENT=5;
--
-- AUTO_INCREMENT for table `tblMasterFilm`
--
ALTER TABLE `tblMasterFilm`
  MODIFY `kode_film` int(11) NOT NULL AUTO_INCREMENT, AUTO_INCREMENT=8;
--
-- AUTO_INCREMENT for table `tblPelanggan`
--
ALTER TABLE `tblPelanggan`
  MODIFY `kode_pelanggan` int(11) NOT NULL AUTO_INCREMENT, AUTO_INCREMENT=10;
--
-- AUTO_INCREMENT for table `tblPemesanan`
--
ALTER TABLE `tblPemesanan`
  MODIFY `kode_pemesanan` int(11) NOT NULL AUTO_INCREMENT, AUTO_INCREMENT=2453;
--
-- AUTO_INCREMENT for table `tblTayangan`
--
ALTER TABLE `tblTayangan`
  MODIFY `kode_tayangan` int(11) NOT NULL AUTO_INCREMENT, AUTO_INCREMENT=734;
--
-- Constraints for dumped tables
--

--
-- Constraints for table `tblMasterFilm`
--
ALTER TABLE `tblMasterFilm`
  ADD CONSTRAINT `tblMasterFilm_ibfk_1` FOREIGN KEY (`id_genre`) REFERENCES `tblGenre` (`id_genre`),
  ADD CONSTRAINT `tblMasterFilm_ibfk_2` FOREIGN KEY (`id_kategori`) REFERENCES `tblKategori` (`id_kategori`);

--
-- Constraints for table `tblPemesanan`
--
ALTER TABLE `tblPemesanan`
  ADD CONSTRAINT `tblPemesanan_ibfk_1` FOREIGN KEY (`kode_pelanggan`) REFERENCES `tblPelanggan` (`kode_pelanggan`),
  ADD CONSTRAINT `tblPemesanan_ibfk_2` FOREIGN KEY (`kode_tayangan`) REFERENCES `tblTayangan` (`kode_tayangan`);

--
-- Constraints for table `tblTayangan`
--
ALTER TABLE `tblTayangan`
  ADD CONSTRAINT `tblTayangan_ibfk_1` FOREIGN KEY (`kode_film`) REFERENCES `tblMasterFilm` (`kode_film`);

/*!40101 SET CHARACTER_SET_CLIENT=@OLD_CHARACTER_SET_CLIENT */;
/*!40101 SET CHARACTER_SET_RESULTS=@OLD_CHARACTER_SET_RESULTS */;
/*!40101 SET COLLATION_CONNECTION=@OLD_COLLATION_CONNECTION */;
